Handle,Title,Body (HTML),Vendor,Product Category,Type,Tags,Published,Option1 Name,Option1 Value,Option1 Linked To,Option2 Name,Option2 Value,Option2 Linked To,Option3 Name,Option3 Value,Option3 Linked To,Variant SKU,Variant Grams,Variant Inventory Tracker,Variant Inventory Policy,Variant Fulfillment Service,Variant Price,Variant Compare At Price,Variant Requires Shipping,Variant Taxable,Unit Price Total Measure,Unit Price Total Measure Unit,Unit Price Base Measure,Unit Price Base Measure Unit,Variant Barcode,Image Src,Image Position,Image Alt Text,Gift Card,SEO Title,SEO Description,Active Ingredients (product.metafields.custom.active_ingredients),Pack Options (product.metafields.custom.pack_options),short description (product.metafields.custom.short_description),Video URL (product.metafields.custom.video_url),Expiry Date (product.metafields.expirypro.expiry_date),Application method (product.metafields.shopify.application-method),Color (product.metafields.shopify.color-pattern),Ingredient category (product.metafields.shopify.ingredient-category),Variant Image,Variant Weight Unit,Variant Tax Code,Cost per item,Included / Distributor 50%,Price / Distributor 50%,Compare At Price / Distributor 50%,Included / Professional Healthcare,Price / Professional Healthcare,Compare At Price / Professional Healthcare,Status
promotion-giftbox,Promotion-GiftBox,<p>Gift Box Promotion - White</p>,U Line,Uncategorized,"","",false,Title,Default Title,,,,,,,,ULINE-S11245,0.0,shopify,deny,manual,0.00,,true,true,,,,,,,,,false,,,,,,,,,,,,kg,,3.01,false,,,false,,,draft
bodhi-sigg-water-bottle,Bodhi Sigg Water Bottle 1L,"<p>Bodhi Sigg Water Bottle 1 L</p>
<p>Made in Switzerland</p>",Bodhi Health Inc,Home & Garden > Kitchen & Dining > Kitchen Appliance Accessories > Water Cooler Accessories > Water Cooler Bottles,"","Adeeva, Retail, Sublingual, wholesale",true,Title,Default Title,,,,,,,,Bodhi_Bottle_1L,0.0,shopify,continue,manual,29.98,,true,true,,,,,,https://cdn.shopify.com/s/files/1/0676/2001/2122/files/siggpic_3fa1ee8a-5264-4640-ba7c-6f3dbf93320d.jpg?v=1769024971,1,"",false,,,,,,,,,black,,,kg,,,true,,,true,,,active
bodhi-health-sleep-sublingual-5mg-30-pak,"Bodhi Health Sleep Sublingual, 30 Pack, 10 Box Counter Display","<p><strong>Fast-Acting Sleep Support</strong></p>
<p><strong>Bodhi Health’s Fast-Absorbing Sublingual Melatonin (Sleep) quickly dissolves under your tongue delivering melatonin directly into your bloodstream within minutes.</strong></p>
<p>This provides a fast-acting effect that is facilitated by our proprietary oral strip technology, which is proven to delivery active ingredients into the bloodstream rapidly, once placed under the tongue (1).</p>
<p><strong>Approved Benefits of Melatonin:</strong></p>
<ul>
<li>Helps increase total sleep time in people suffering from sleep restriction or altered sleep schedule (e.g., shift work and jet lag).<br>
</li>
<li>Helps to reduce the time it takes to fall asleep.<br>
</li>
<li>Helps to reset the body’s sleep-wake-cycle.<br>
</li>
<li>Natural, safe and non-habit-forming sleep aid.</li>
</ul>
<p><strong>Why Is Sublingual Melatonin the Best Route of Administration?</strong></p>
<p>Clinical studies show that oral melatonin supplements that you swallow are not absorbed well from the gut. In fact, some studies show that only 15% of the melatonin you swallow gets absorbed from the intestinal tract into the bloodstream (this also includes melatonin being quickly broken down by liver enzymes shortly after its absorption form the intestinal tract) (2) As such, oral melatonin supplements are a very inefficient approach to the use of melatonin as a sleep aid or to reset the body’s sleep-wake cycle.</p>
<p><strong>Other Important Reasons to Consider Melatonin (Sleep) Use After Age 40:</strong></p>
<p><strong>Age-related Decline in Melatonin Synthesis -</strong> Melatonin levels begin to decline in the body after puberty and by age 40 melatonin levels are more than 50% lower than they were at age 12-13. This is important because, in addition to sleep benefits, the body relies on melatonin for other important functions (Frontiers of Aging Neuroscience 2022. <a href=""https://www.frontiersin.org/journals/aging-neuroscience/articles/10.3389/fnagi.2022.888292/full"" rel=""noopener"" target=""_blank"">https://www.frontiersin.org/journals/aging-</a><a href=""https://www.frontiersin.org/journals/aging-neuroscience/articles/10.3389/fnagi.2022.888292/full"" rel=""noopener"" target=""_blank"">neuroscience/articles/10.3389/fnagi.2022.888292/full</a><a href=""https://www.frontiersin.org/journals/aging-neuroscience/articles/10.3389/fnagi.2022.888292/full"" rel=""noopener"" target=""_blank"">)</a>.</p>
<p>Some of these functions include the following:</p>
<p><strong>Immune Support –</strong> many immune cells contain melatonin receptors that require melatonin stimulation for immune cells to function optimally throughout our lifetime (3).</p>
<p><strong>Protects Brain Cells from Free Radical Damage:</strong> Melatonin is a very important antioxidant in the brain, protecting brain cells from the damaging effects of free radicals that are involved in a variety of neurodegenerative diseases and brain aging (4),</p>
<p><strong>Small Studies Show Improvement in Early-Stage Memory Loss:</strong> Several human studies have shown that patients with early-stage memory loss (mild cognitive impairment) exhibited significantly better performance in the Mini-Mental State Examination and the Cognitive Subscale of Alzheimer’s disease Assessment Scale after melatonin administration compared to the control group (who did not receive melatonin) (5).</p>
<p><strong>Prostate and Breast Health Support:</strong> Prostate and Breast cells are known to possess melatonin receptors. When melatonin binds to these receptors it enters these cells where it is shown to exert a numerous health-promoting effects of importance (6,7).</p>
<p><strong>Turns-On Anti-Aging Sirtuin Genes –</strong> Experimental studies show that melatonin “turns on” (upregulates) anti-aging genes in human cells known as sirtuin genes (SIRT 1). Sirtuin gene activation is shown to help protect us against various age-related conditions and degenerative states associated with the aging process (8,9,10)</p>
<p><strong>References:</strong></p>
<ol>
<li>Breakthrough Proprietary Oral Film Technology: (Frontiers of Pharmacology, 2019. <a href=""https://pubmed.ncbi.nlm.nih.gov/31551785/"" target=""_blank"">https://pubmed.ncbi.nlm.nih.gov/31551785/</a>),</li>
<li>DeMuro RL et al. The absolute bioavailability of oral melatonin. J Clin Pharmacol.2000;40(7):781-4 <a href=""https://pubmed.ncbi.nlm.nih.gov/10883420/"" rel=""noopener"" target=""_blank"">https://pubmed.ncbi.nlm.nih.gov/10883420/</a>
</li>
<li>Carrillo-Vico A. et al. Melatonin: Buffering the immune system. Int J Sci. 2023;14(4):8638-8683. <a rel=""noopener"" href=""https://pmc.ncbi.nlm.nih.gov/articles/PMC3645767/"" target=""_blank"">https://pmc.ncbi.nlm.nih.gov/articles/PMC3645767/</a>
</li>
<li>Goo Lee J et al. The neuroprotective effects of melatonin: Possible role in the pathophysiology of neuropsychiatric disease. Brain Sci. 2019;9(10):285. <a rel=""noopener"" href=""https://pmc.ncbi.nlm.nih.gov/articles/PMC6826722/"" target=""_blank"">https://pmc.ncbi.nlm.nih.gov/articles/PMC6826722/</a>
</li>
<li>Cardinali D.P., et al. Therapeutic application of melatonin in mild cognitive impairment. Am J Neurodegener Dis. 2012;1(3):280-291. <a href=""https://pmc.ncbi.nlm.nih.gov/articles/PMC3560473/"">https://pmc.ncbi.nlm.nih.gov/articles/PMC3560473/</a>
</li>
<li>Megerian M.F. et al. Melatonin and Prostate Cancer : Anti-tumor roles and therapeutic application. Aging Dis. 2023;14(3):840-857. <a rel=""noopener"" href=""https://pmc.ncbi.nlm.nih.gov/articles/PMC10187692/"" target=""_blank"">https://pmc.ncbi.nlm.nih.gov/articles/PMC10187692/</a>
</li>
<li>Grant S.G. et al. Melatonin and breast cancer: Cellular mechanisms, clinical studies and future perspectives. Expert Rev Mol Med. 2009;11:e5. <a rel=""noopener"" href=""https://pmc.ncbi.nlm.nih.gov/articles/PMC4301735/"" target=""_blank"">https://pmc.ncbi.nlm.nih.gov/articles/PMC4301735/</a>
</li>
<li>Qin K et al. Melatonin promotes sirtuin 1 expression and inhibits IRE1-alpha-XBP1S-CHOP to reduce endoplasmic reticulum stress-mediated apoptosis in chondrocytes. Front. Pharmacol. 2022;13. <a rel=""noopener"" href=""https://www.frontiersin.org/journals/pharmacology/articles/10.3389/fphar.2022.940629/full"" target=""_blank"">https://www.frontiersin.org/journals/pharmacology/articles/10.3389/fphar.2022.940629/full</a>
</li>
<li>Rodrguez-Santana C et al. The relationship between clock genes, sirtuin 1, and mitochondrial activity in head and neck squamous cell cancer: Effects of melatonin treatment. Int J Mol Sci. 2023;24(19): 15030. <a rel=""noopener"" href=""https://www.frontiersin.org/journals/pharmacology/articles/10.3389/fphar.2022.940629/full"" target=""_blank"">https://www.frontiersin.org/journals/pharmacology/articles/10.3389/fphar.2022.940629/full</a>
</li>
<li>Mayo J.C. et al. Melatonin and sirtuins : A “not-so unexpected” relationship. J Pineal Research. 2017;62e 12391. <a rel=""noopener"" href=""https://digibuo.uniovi.es/dspace/bitstream/handle/10651/43022/jpi.12391.pdf?sequence=1"" target=""_blank"">https://digibuo.uniovi.es/dspace/bitstream/handle/10651/43022/jpi.12391.pdf?sequence=1</a>
</li>
</ol>",Bodhi Health Inc,Health & Beauty > Health Care > Fitness & Nutrition > Vitamins & Supplements,"","wholesale, wholesale-only",true,Title,Default Title,,,,,,,,CP400020,0.0,shopify,deny,manual,0.00,,true,true,,,,,'10628425400020,https://cdn.shopify.com/s/files/1/0676/2001/2122/files/Melatonin_30_pack_Display_3b455e15-45b7-41c2-add1-4a9a13959759.jpg?v=1759567838,1,"",false,,,,,,,,,,,,lb,,,true,,,true,,,active
bodhi-health-sleep-sublingual-5mg-5-pak,"Bodhi Health Sleep Sublingual,  5 Pack, 20 Sleeve Counter Display","<p><strong>Fast-Acting Sleep Support</strong></p>
<p><strong>Bodhi Health’s Fast-Absorbing Sublingual Melatonin (Sleep) quickly dissolves under your tongue delivering melatonin directly into your bloodstream within minutes.</strong></p>
<p>This provides a fast-acting effect that is facilitated by our proprietary oral strip technology, which is proven to delivery active ingredients into the bloodstream rapidly, once placed under the tongue (1).</p>
<p><strong>Approved Benefits of Melatonin:</strong></p>
<ul>
<li>Helps increase total sleep time in people suffering from sleep restriction or altered sleep schedule (e.g., shift work and jet lag).<br>
</li>
<li>Helps to reduce the time it takes to fall asleep.<br>
</li>
<li>Helps to reset the body’s sleep-wake-cycle.<br>
</li>
<li>Natural, safe and non-habit-forming sleep aid.</li>
</ul>
<p><strong>Why Is Sublingual Melatonin the Best Route of Administration?</strong></p>
<p>Clinical studies show that oral melatonin supplements that you swallow are not absorbed well from the gut. In fact, some studies show that only 15% of the melatonin you swallow gets absorbed from the intestinal tract into the bloodstream (this also includes melatonin being quickly broken down by liver enzymes shortly after its absorption form the intestinal tract) (2) As such, oral melatonin supplements are a very inefficient approach to the use of melatonin as a sleep aid or to reset the body’s sleep-wake cycle.</p>
<p><strong>Other Important Reasons to Consider Melatonin (Sleep) Use After Age 40:</strong></p>
<p><strong>Age-related Decline in Melatonin Synthesis -</strong> Melatonin levels begin to decline in the body after puberty and by age 40 melatonin levels are more than 50% lower than they were at age 12-13. This is important because, in addition to sleep benefits, the body relies on melatonin for other important functions (Frontiers of Aging Neuroscience 2022. <a rel=""noopener"" href=""https://www.frontiersin.org/journals/aging-neuroscience/articles/10.3389/fnagi.2022.888292/full"" target=""_blank"">https://www.frontiersin.org/journals/aging-</a><a rel=""noopener"" href=""https://www.frontiersin.org/journals/aging-neuroscience/articles/10.3389/fnagi.2022.888292/full"" target=""_blank"">neuroscience/articles/10.3389/fnagi.2022.888292/full</a><a rel=""noopener"" href=""https://www.frontiersin.org/journals/aging-neuroscience/articles/10.3389/fnagi.2022.888292/full"" target=""_blank"">)</a>.</p>
<p>Some of these functions include the following:</p>
<p><strong>Immune Support –</strong> many immune cells contain melatonin receptors that require melatonin stimulation for immune cells to function optimally throughout our lifetime (3).</p>
<p><strong>Protects Brain Cells from Free Radical Damage:</strong> Melatonin is a very important antioxidant in the brain, protecting brain cells from the damaging effects of free radicals that are involved in a variety of neurodegenerative diseases and brain aging (4),</p>
<p><strong>Small Studies Show Improvement in Early-Stage Memory Loss:</strong> Several human studies have shown that patients with early-stage memory loss (mild cognitive impairment) exhibited significantly better performance in the Mini-Mental State Examination and the Cognitive Subscale of Alzheimer’s disease Assessment Scale after melatonin administration compared to the control group (who did not receive melatonin) (5).</p>
<p><strong>Prostate and Breast Health Support:</strong> Prostate and Breast cells are known to possess melatonin receptors. When melatonin binds to these receptors it enters these cells where it is shown to exert a numerous health-promoting effects of importance (6,7).</p>
<p><strong>Turns-On Anti-Aging Sirtuin Genes –</strong> Experimental studies show that melatonin “turns on” (upregulates) anti-aging genes in human cells known as sirtuin genes (SIRT 1). Sirtuin gene activation is shown to help protect us against various age-related conditions and degenerative states associated with the aging process (8,9,10)</p>
<p><strong>References:</strong></p>
<ol>
<li>Breakthrough Proprietary Oral Film Technology: (Frontiers of Pharmacology, 2019. <a href=""https://pubmed.ncbi.nlm.nih.gov/31551785/"" target=""_blank"">https://pubmed.ncbi.nlm.nih.gov/31551785/</a>),</li>
<li>DeMuro RL et al. The absolute bioavailability of oral melatonin. J Clin Pharmacol.2000;40(7):781-4 <a rel=""noopener"" href=""https://pubmed.ncbi.nlm.nih.gov/10883420/"" target=""_blank"">https://pubmed.ncbi.nlm.nih.gov/10883420/</a>
</li>
<li>Carrillo-Vico A. et al. Melatonin: Buffering the immune system. Int J Sci. 2023;14(4):8638-8683. <a href=""https://pmc.ncbi.nlm.nih.gov/articles/PMC3645767/"" rel=""noopener"" target=""_blank"">https://pmc.ncbi.nlm.nih.gov/articles/PMC3645767/</a>
</li>
<li>Goo Lee J et al. The neuroprotective effects of melatonin: Possible role in the pathophysiology of neuropsychiatric disease. Brain Sci. 2019;9(10):285. <a href=""https://pmc.ncbi.nlm.nih.gov/articles/PMC6826722/"" rel=""noopener"" target=""_blank"">https://pmc.ncbi.nlm.nih.gov/articles/PMC6826722/</a>
</li>
<li>Cardinali D.P., et al. Therapeutic application of melatonin in mild cognitive impairment. Am J Neurodegener Dis. 2012;1(3):280-291. <a href=""https://pmc.ncbi.nlm.nih.gov/articles/PMC3560473/"">https://pmc.ncbi.nlm.nih.gov/articles/PMC3560473/</a>
</li>
<li>Megerian M.F. et al. Melatonin and Prostate Cancer : Anti-tumor roles and therapeutic application. Aging Dis. 2023;14(3):840-857. <a href=""https://pmc.ncbi.nlm.nih.gov/articles/PMC10187692/"" rel=""noopener"" target=""_blank"">https://pmc.ncbi.nlm.nih.gov/articles/PMC10187692/</a>
</li>
<li>Grant S.G. et al. Melatonin and breast cancer: Cellular mechanisms, clinical studies and future perspectives. Expert Rev Mol Med. 2009;11:e5. <a href=""https://pmc.ncbi.nlm.nih.gov/articles/PMC4301735/"" rel=""noopener"" target=""_blank"">https://pmc.ncbi.nlm.nih.gov/articles/PMC4301735/</a>
</li>
<li>Qin K et al. Melatonin promotes sirtuin 1 expression and inhibits IRE1-alpha-XBP1S-CHOP to reduce endoplasmic reticulum stress-mediated apoptosis in chondrocytes. Front. Pharmacol. 2022;13. <a href=""https://www.frontiersin.org/journals/pharmacology/articles/10.3389/fphar.2022.940629/full"" rel=""noopener"" target=""_blank"">https://www.frontiersin.org/journals/pharmacology/articles/10.3389/fphar.2022.940629/full</a>
</li>
<li>Rodrguez-Santana C et al. The relationship between clock genes, sirtuin 1, and mitochondrial activity in head and neck squamous cell cancer: Effects of melatonin treatment. Int J Mol Sci. 2023;24(19): 15030. <a href=""https://www.frontiersin.org/journals/pharmacology/articles/10.3389/fphar.2022.940629/full"" rel=""noopener"" target=""_blank"">https://www.frontiersin.org/journals/pharmacology/articles/10.3389/fphar.2022.940629/full</a>
</li>
<li>Mayo J.C. et al. Melatonin and sirtuins : A “not-so unexpected” relationship. J Pineal Research. 2017;62e 12391. <a href=""https://digibuo.uniovi.es/dspace/bitstream/handle/10651/43022/jpi.12391.pdf?sequence=1"" rel=""noopener"" target=""_blank"">https://digibuo.uniovi.es/dspace/bitstream/handle/10651/43022/jpi.12391.pdf?sequence=1</a>
</li>
</ol>",Bodhi Health Inc,Health & Beauty > Health Care > Fitness & Nutrition > Vitamins & Supplements,"","wholesale, wholesale-only",true,Title,Default Title,,,,,,,,CP400068,0.0,shopify,deny,manual,0.00,,true,true,,,,,'10628425400068,https://cdn.shopify.com/s/files/1/0676/2001/2122/files/thumbnail_5_Pack_Display_Sleep_-_Edited.png?v=1760635865,1,"",false,,,,,,,,,,,,lb,,,true,,,true,,,active
bodhi-health-vitamin-b12-sublingual-1000mcg-30-pak,"Bodhi Health Vitamin B12 Sublingual, 30 Pack, 10 box Counter Display","<p>Rapid Absorption into the Bloodstream</p>
<p><strong>Ensure Your B12 Status Remains Optimal with Our Fast-Dissolving Sublingual (under the tongue) B12 Strips</strong></p>
<p>Vitamin B12 is a vital nutrient required by the body to make red blood cells (preventing anemia), which enables optimal energy production every minute of our lives. B12 is also necessary for the synthesis of brain chemicals (neurotransmitters) required for normal cognition, focus, mood stabilization, prevention of depression and to prevent the build-up of heart disease promoting “homocysteine” in the bloodstream, among other important function.</p>
<p><strong>Why Is Sub-Optimal Vitamin B12 Status So Common?</strong></p>
<p><strong>Aging Process</strong> – in the aging process the stomach makes less acid (hydrochloric acid), which hinders the synthesis and secretion of intrinsic factor. Intrinsic factor is essential for vitamin B12 to get absorbed from the intestinal tract to the bloodstream. As such, many older persons absorb less vitamin B12 from the gut even if they take B12 supplements or consume B12-containing foods frequently.</p>
<p>This is why Bodhi Health’s Fast Dissolving Sublingual B12 Strips is so helpful for people over 45-50. The fast-dissolving strip allows vitamin B12 to get absorbed directly into the bloodstream once placed under the tongue, without the need of intrinsic factor. Our proprietary oral film strip allows for the fastest possible absorption of B12 (less than one minute in most cases) right into the bloodstream, helping to ensure optimal Vitamin B12 status in your body each day.</p>
<p><strong>Antacid Medications</strong> - Doctors often prescribe antacids, proton pump inhibitors and/or histamine blockers to help older subjects who have digestive problems or reflux pain following meals. These drugs block the secretion or action of stomach acids, which in turn further reduces the secretion of intrinsic factor. Intrinsic factor is essential for the absorption of vitamin B12 from the intestinal tract into the bloodstream. Thus, patients taking these drugs are known to be at risk for vitamin B12 deficiency or sub-optimal vitamin B12 status. The daily use of Bodhi Health’s Sublingual B12 is the natural solution to prevent a decline in B12 status in these cases, as our Vitamin B12 strip is quickly absorbed (usually less than one minute) under the tongue directly into the bloodstream, bypassing the need for intrinsic factor.</p>
<p><strong>Changes in Food Selection in Older Subjects and Shifts to More Plant-based Diets</strong> – It is well known that older subjects tend to eat fewer vitamin B12 containing foods (mostly meat-based foods) or smaller portions of these foods. This often leads to a significant decline in B12 status over time. As well, even though a more plant-based diet is desirable to help reduce risk of heart disease (cardiovascular disease) and certain cancers, there is no or very little vitamin B12 in most plant-derived foods. As such, many vegans and vegetarians put themselves at risk for B12 deficiency or suboptimal B12 nutritional status. In these cases, dissolving one Bodhi Health Fast-Dissolving Vitamin B12 strip under your tongue each day can help ensure optimal B12 status over your lifetime.</p>",Bodhi Health Inc,Health & Beauty > Health Care > Fitness & Nutrition > Vitamins & Supplements,"","wholesale, wholesale-only",true,Title,Default Title,,,,,,,,CP400006,0.0,shopify,deny,manual,0.00,,true,true,,,,,'10628425400006,https://cdn.shopify.com/s/files/1/0676/2001/2122/files/B12_30_pack_Display_d7908e65-7842-46d2-9db4-0a957294b4de.jpg?v=1759567678,1,"",false,,,,,,,,,,,,lb,,,true,,,true,,,active
bodhi-health-vitamin-b12-sublingual-1000mcg-5-pak,"Bodhi Health Vitamin B12 Sublingual, 5 Pack, 20 Sleeve Counter Display","<p>Rapid Absorption into the Bloodstream</p>
<p><strong>Ensure Your B12 Status Remains Optimal with Our Fast-Dissolving Sublingual (under the tongue) B12 Strips</strong></p>
<p>Vitamin B12 is a vital nutrient required by the body to make red blood cells (preventing anemia), which enables optimal energy production every minute of our lives. B12 is also necessary for the synthesis of brain chemicals (neurotransmitters) required for normal cognition, focus, mood stabilization, prevention of depression and to prevent the build-up of heart disease promoting “homocysteine” in the bloodstream, among other important function.</p>
<p><strong>Why Is Sub-Optimal Vitamin B12 Status So Common?</strong></p>
<p><strong>Aging Process</strong> – in the aging process the stomach makes less acid (hydrochloric acid), which hinders the synthesis and secretion of intrinsic factor. Intrinsic factor is essential for vitamin B12 to get absorbed from the intestinal tract to the bloodstream. As such, many older persons absorb less vitamin B12 from the gut even if they take B12 supplements or consume B12-containing foods frequently.</p>
<p>This is why Bodhi Health’s Fast Dissolving Sublingual B12 Strips is so helpful for people over 45-50. The fast-dissolving strip allows vitamin B12 to get absorbed directly into the bloodstream once placed under the tongue, without the need of intrinsic factor. Our proprietary oral film strip allows for the fastest possible absorption of B12 (less than one minute in most cases) right into the bloodstream, helping to ensure optimal Vitamin B12 status in your body each day.</p>
<p><strong>Antacid Medications</strong> - Doctors often prescribe antacids, proton pump inhibitors and/or histamine blockers to help older subjects who have digestive problems or reflux pain following meals. These drugs block the secretion or action of stomach acids, which in turn further reduces the secretion of intrinsic factor. Intrinsic factor is essential for the absorption of vitamin B12 from the intestinal tract into the bloodstream. Thus, patients taking these drugs are known to be at risk for vitamin B12 deficiency or sub-optimal vitamin B12 status. The daily use of Bodhi Health’s Sublingual B12 is the natural solution to prevent a decline in B12 status in these cases, as our Vitamin B12 strip is quickly absorbed (usually less than one minute) under the tongue directly into the bloodstream, bypassing the need for intrinsic factor.</p>
<p><strong>Changes in Food Selection in Older Subjects and Shifts to More Plant-based Diets</strong> – It is well known that older subjects tend to eat fewer vitamin B12 containing foods (mostly meat-based foods) or smaller portions of these foods. This often leads to a significant decline in B12 status over time. As well, even though a more plant-based diet is desirable to help reduce risk of heart disease (cardiovascular disease) and certain cancers, there is no or very little vitamin B12 in most plant-derived foods. As such, many vegans and vegetarians put themselves at risk for B12 deficiency or suboptimal B12 nutritional status. In these cases, dissolving one Bodhi Health Fast-Dissolving Vitamin B12 strip under your tongue each day can help ensure optimal B12 status over your lifetime.</p>",Bodhi Health Inc,Health & Beauty > Health Care > Fitness & Nutrition > Vitamins & Supplements,"","wholesale, wholesale-only",true,Title,Default Title,,,,,,,,CP400051,0.0,shopify,deny,manual,0.00,,true,true,,,,,'10628425400051,https://cdn.shopify.com/s/files/1/0676/2001/2122/files/thumbnail_5_Pack_Display_B12_-_Edited.png?v=1760635817,1,"",false,,,,,,,,,,,,lb,,,true,,,true,,,active
bodhi-curcumin-30-pak-10-box,Curcumin Sublingual 30 Pack - 10 Box Counter Display,"<p>Bodhi Health has developed a breakthrough patented Curcumin (1) designed for sublingual absorption (under the tongue). This innovative delivery system allows curcumin to enter the bloodstream within minutes, bypassing digestion and first-pass liver metabolism. This enables curcumin to enter the bloodstream quickly and travel to key target tissues to suppress inflammation (and accompanying pain) and provide antioxidant effects.</p>
<p>Effects in the Body Curcumin, a compound in turmeric, has shown powerful anti-inflammatory, neuroprotective, exercise recovery and other important health effects in many studies. Bodhi Health Sublingual Curcumin is approved by health Canada for the purpose of supporting joint health and suppressing joint inflammatory conditions (i.e., osteoarthritis, other arthritic conditions, joint, muscle, tendon injuries etc.)</p>
<p>Curcumin is also shown to cross the blood-brain-barrier, where it provides documented neuroprotective effects (brain protective effects). Some small studies show that it improves memory and recall ability in healthy older subjects (2, 3). Experimental studies suggest that curcumin exerts other important protective effects on brain cells, potentially blocking steps involved in several age-related neurodegenerative conditions (2).</p>
<p>The Challenge:</p>
<p>Curcumin has very low absorption when taken orally—only 1–2% enters the bloodstream. Only small amounts are active even at high doses (1200–3000 mg/day) (4). This limits its effectiveness for severe pain or inflammation, often leading patients to rely on other medications.</p>
<p>The Bodhi Health Breakthrough Solution</p>
<p>To overcome the problems of poor absorption (bioavailability) and high-dose administration (1200 mg per day), Bodhi Health has developed a breakthrough patented Curcumin that provides for fast sublingual absorption (under the tongue). This innovative delivery system allows curcumin to enter the bloodstream within minutes, bypassing digestion and first-pass liver metabolism. This is also made possible using our proprietary oral film strip technology, which in published human research is shown to significantly increase blood levels of active constituents within minutes following sublingual administration (1,5)</p>
<p>Key Advantages:</p>
<p>• Direct bloodstream absorption through the oral mucosa</p>
<p>• Bypasses gut and liver breakdown, preserving curcumin’s potency</p>
<p>• Fast-acting: elevated blood levels in minutes</p>
<p>• Higher bioavailability than traditional oral supplements</p>
<p>Clinical studies using the same sublingual technology show significantly higher blood concentrations at 1-, 10-, and 30-minute post-administration compared to standard oral delivery (5).</p>
<p>References:</p>
<p>1. Patented Curcumin Shown to Improve Bioavailability 46x higher than standard curcumin. 2017 US Patent Approval. https://omniactives.com/press-releases/ultrasol-curcumin-line-curcuwin-granted-patent-for-sports-performance-benefits/ (and https://patents.google.com/patent/WO2012156979A1/en)</p>
<p>2. Curcumin Crosses Blood-Brain-Barrier Exerting Neuroprotective Effects. Adv Exp Med Biol, 2007. NEUROPROTECTIVE EFFECTS OF CURCUMIN - PMC</p>
<p>3. Curcumin Improves Memory in Subjects 50-90 Years Old Compared to Placebo. Am J Geriatric Psychiatry, 2018. https://www.sciencedirect.com/science/article/pii/S1064748117305110</p>
<p>4. Typical Poor Bioavailability of Phenolic Compounds (including Curcumin) Scholarly Community Encyclopedia, 2020. https://encyclopedia.pub/entry/3533</p>
<p>5. Breakthrough Proprietary Oral Film Technology: (Frontiers of Pharmacology, 2019. https://pubmed.ncbi.nlm.nih.gov/31551785/),</p>",Bodhi Health Inc,Health & Beauty > Health Care > Fitness & Nutrition > Vitamins & Supplements,"","",true,Title,Default Title,,,,,,,,CP400013,0.0,shopify,deny,manual,349.80,,true,true,,,,,'10628425400013,https://cdn.shopify.com/s/files/1/0676/2001/2122/files/Curcumin_30_display_98fbbd48-e8f6-4cfa-b803-31f3f4c5bbb6.jpg?v=1759309711,1,"",false,,,,,,,,,,,,lb,,,true,,,true,,,active
bodhi-curcumin-20-pak-10-box,Curcumin Sublingual 20 Pack - 10 Box Counter Display,"<p>Bodhi Health has developed a breakthrough patented Curcumin (1) designed for sublingual absorption (under the tongue). This innovative delivery system allows curcumin to enter the bloodstream within minutes, bypassing digestion and first-pass liver metabolism. This enables curcumin to enter the bloodstream quickly and travel to key target tissues to suppress inflammation (and accompanying pain) and provide antioxidant effects.</p>
<p>Effects in the Body Curcumin, a compound in turmeric, has shown powerful anti-inflammatory, neuroprotective, exercise recovery and other important health effects in many studies. Bodhi Health Sublingual Curcumin is approved by health Canada for the purpose of supporting joint health and suppressing joint inflammatory conditions (i.e., osteoarthritis, other arthritic conditions, joint, muscle, tendon injuries etc.)</p>
<p>Curcumin is also shown to cross the blood-brain-barrier, where it provides documented neuroprotective effects (brain protective effects). Some small studies show that it improves memory and recall ability in healthy older subjects (2, 3). Experimental studies suggest that curcumin exerts other important protective effects on brain cells, potentially blocking steps involved in several age-related neurodegenerative conditions (2).</p>
<p>The Challenge:</p>
<p>Curcumin has very low absorption when taken orally—only 1–2% enters the bloodstream. Only small amounts are active even at high doses (1200–3000 mg/day) (4). This limits its effectiveness for severe pain or inflammation, often leading patients to rely on other medications.</p>
<p>The Bodhi Health Breakthrough Solution</p>
<p>To overcome the problems of poor absorption (bioavailability) and high-dose administration (1200 mg per day), Bodhi Health has developed a breakthrough patented Curcumin that provides for fast sublingual absorption (under the tongue). This innovative delivery system allows curcumin to enter the bloodstream within minutes, bypassing digestion and first-pass liver metabolism. This is also made possible using our proprietary oral film strip technology, which in published human research is shown to significantly increase blood levels of active constituents within minutes following sublingual administration (1,5)</p>
<p>Key Advantages:</p>
<p>• Direct bloodstream absorption through the oral mucosa</p>
<p>• Bypasses gut and liver breakdown, preserving curcumin’s potency</p>
<p>• Fast-acting: elevated blood levels in minutes</p>
<p>• Higher bioavailability than traditional oral supplements</p>
<p>Clinical studies using the same sublingual technology show significantly higher blood concentrations at 1-, 10-, and 30-minute post-administration compared to standard oral delivery (5).</p>
<p>References:</p>
<p>1. Patented Curcumin Shown to Improve Bioavailability 46x higher than standard curcumin. 2017 US Patent Approval. https://omniactives.com/press-releases/ultrasol-curcumin-line-curcuwin-granted-patent-for-sports-performance-benefits/ (and https://patents.google.com/patent/WO2012156979A1/en)</p>
<p>2. Curcumin Crosses Blood-Brain-Barrier Exerting Neuroprotective Effects. Adv Exp Med Biol, 2007. NEUROPROTECTIVE EFFECTS OF CURCUMIN - PMC</p>
<p>3. Curcumin Improves Memory in Subjects 50-90 Years Old Compared to Placebo. Am J Geriatric Psychiatry, 2018. https://www.sciencedirect.com/science/article/pii/S1064748117305110</p>
<p>4. Typical Poor Bioavailability of Phenolic Compounds (including Curcumin) Scholarly Community Encyclopedia, 2020. https://encyclopedia.pub/entry/3533</p>
<p>5. Breakthrough Proprietary Oral Film Technology: (Frontiers of Pharmacology, 2019. https://pubmed.ncbi.nlm.nih.gov/31551785/),</p>",Bodhi Health Inc,Health & Beauty > Health Care > Fitness & Nutrition > Vitamins & Supplements,"","",true,Title,Default Title,,,,,,,,CP400044,0.0,shopify,deny,manual,299.80,,true,true,,,,,'10628425400044,https://cdn.shopify.com/s/files/1/0676/2001/2122/files/Curcumin_20_display_a36b2a36-3d3c-4d5d-80a8-3d24fe82beba.jpg?v=1759309683,1,"",false,,,,,,,,,,,,lb,,,true,,,true,,,active
bodhi-curcumin-5-pak-20-sleeve,Curcumin Sublingual 5 Pack - 20 Sleeve Counter Display,"<p>Bodhi Health has developed a breakthrough patented Curcumin (1) designed for sublingual absorption (under the tongue). This innovative delivery system allows curcumin to enter the bloodstream within minutes, bypassing digestion and first-pass liver metabolism. This enables curcumin to enter the bloodstream quickly and travel to key target tissues to suppress inflammation (and accompanying pain) and provide antioxidant effects.</p>",Bodhi Health Inc,Health & Beauty > Health Care > Fitness & Nutrition > Vitamins & Supplements,"","",true,Title,Default Title,,,,,,,,CP400037,90.718474,shopify,deny,manual,179.60,,true,true,,,,,'10628425400037,https://cdn.shopify.com/s/files/1/0676/2001/2122/files/Curcumin_5_display_06c2e6f0-9393-4ed7-8aea-6c2c28af7979.jpg?v=1759309652,1,"",false,,,,,,,,,,,,lb,,,true,,,true,,,active
sublingual-sleep-5-pack,Sublingual Sleep (5 Pack),"<p><strong>Fast-Acting Sleep Support</strong></p>
<p><strong>Bodhi Health’s Fast-Absorbing Sublingual Melatonin (Sleep) quickly dissolves under your tongue delivering melatonin directly into your bloodstream within minutes.</strong></p>
<p>This provides a fast-acting effect that is facilitated by our proprietary oral strip technology, which is proven to delivery active ingredients into the bloodstream rapidly, once placed under the tongue (1).</p>
<p><strong>Approved Benefits of Melatonin:</strong></p>
<ul>
<li>Helps increase total sleep time in people suffering from sleep restriction or altered sleep schedule (e.g., shift work and jet lag).<br>
</li>
<li>Helps to reduce the time it takes to fall asleep.<br>
</li>
<li>Helps to reset the body’s sleep-wake-cycle.<br>
</li>
<li>Natural, safe and non-habit-forming sleep aid.</li>
</ul>
<p><strong>Why Is Sublingual Melatonin the Best Route of Administration?</strong></p>
<p>Clinical studies show that oral melatonin supplements that you swallow are not absorbed well from the gut. In fact, some studies show that only 15% of the melatonin you swallow gets absorbed from the intestinal tract into the bloodstream (this also includes melatonin being quickly broken down by liver enzymes shortly after its absorption form the intestinal tract) (2) As such, oral melatonin supplements are a very inefficient approach to the use of melatonin as a sleep aid or to reset the body’s sleep-wake cycle.</p>
<p><strong>Other Important Reasons to Consider Melatonin (Sleep) Use After Age 40:</strong></p>
<p><strong>Age-related Decline in Melatonin Synthesis -</strong> Melatonin levels begin to decline in the body after puberty and by age 40 melatonin levels are more than 50% lower than they were at age 12-13. This is important because, in addition to sleep benefits, the body relies on melatonin for other important functions (Frontiers of Aging Neuroscience 2022.
<a rel=""noopener"" href=""https://www.frontiersin.org/journals/aging-neuroscience/articles/10.3389/fnagi.2022.888292/full"" target=""_blank"">https://www.frontiersin.org/journals/aging-</a><a rel=""noopener"" href=""https://www.frontiersin.org/journals/aging-neuroscience/articles/10.3389/fnagi.2022.888292/full"" target=""_blank"">neuroscience/articles/10.3389/fnagi.2022.888292/full</a><a rel=""noopener"" href=""https://www.frontiersin.org/journals/aging-neuroscience/articles/10.3389/fnagi.2022.888292/full"" target=""_blank"">)</a>.</p>
<p>Some of these functions include the following:</p>
<p><strong>Immune Support –</strong> many immune cells contain melatonin receptors that require melatonin stimulation for immune cells to function optimally throughout our lifetime (3).</p>
<p><strong>Protects Brain Cells from Free Radical Damage:</strong> Melatonin is a very important antioxidant in the brain, protecting brain cells from the damaging effects of free radicals that are involved in a variety of neurodegenerative diseases and brain aging (4),</p>
<p><strong>Small Studies Show Improvement in Early-Stage Memory Loss:</strong> Several human studies have shown that patients with early-stage memory loss (mild cognitive impairment) exhibited significantly better performance in the Mini-Mental State Examination and the Cognitive Subscale of Alzheimer’s disease Assessment Scale after melatonin administration compared to the control group (who did not receive melatonin) (5).</p>
<p><strong>Prostate and Breast Health Support:</strong> Prostate and Breast cells are known to possess melatonin receptors. When melatonin binds to these receptors it enters these cells where it is shown to exert a numerous health-promoting effects of importance (6,7).</p>
<p><strong>Turns-On Anti-Aging Sirtuin Genes –</strong> Experimental studies show that melatonin “turns on” (upregulates) anti-aging genes in human cells known as sirtuin genes (SIRT 1). Sirtuin gene activation is shown to help protect us against various age-related conditions and degenerative states associated with the aging process (8,9,10)</p>
<p><strong>References:</strong></p>
<ol>
<li>Breakthrough Proprietary Oral Film Technology: (Frontiers of Pharmacology, 2019. <a href=""https://pubmed.ncbi.nlm.nih.gov/31551785/"" target=""_blank"">https://pubmed.ncbi.nlm.nih.gov/31551785/</a>),</li>
<li>DeMuro RL et al. The absolute bioavailability of oral melatonin. J Clin Pharmacol.2000;40(7):781-4 <a rel=""noopener"" href=""https://pubmed.ncbi.nlm.nih.gov/10883420/"" target=""_blank"">https://pubmed.ncbi.nlm.nih.gov/10883420/</a>
</li>
<li>Carrillo-Vico A. et al. Melatonin: Buffering the immune system. Int J Sci. 2023;14(4):8638-8683. <a href=""https://pmc.ncbi.nlm.nih.gov/articles/PMC3645767/"" target=""_blank"" rel=""noopener"">https://pmc.ncbi.nlm.nih.gov/articles/PMC3645767/</a>
</li>
<li>Goo Lee J et al. The neuroprotective effects of melatonin: Possible role in the pathophysiology of neuropsychiatric disease. Brain Sci. 2019;9(10):285. <a href=""https://pmc.ncbi.nlm.nih.gov/articles/PMC6826722/"" target=""_blank"" rel=""noopener"">https://pmc.ncbi.nlm.nih.gov/articles/PMC6826722/</a>
</li>
<li>Cardinali D.P., et al. Therapeutic application of melatonin in mild cognitive impairment. Am J Neurodegener Dis. 2012;1(3):280-291. <a href=""https://pmc.ncbi.nlm.nih.gov/articles/PMC3560473/"">https://pmc.ncbi.nlm.nih.gov/articles/PMC3560473/</a>
</li>
<li>Megerian M.F. et al. Melatonin and Prostate Cancer : Anti-tumor roles and therapeutic application. Aging Dis. 2023;14(3):840-857. <a href=""https://pmc.ncbi.nlm.nih.gov/articles/PMC10187692/"" target=""_blank"" rel=""noopener"">https://pmc.ncbi.nlm.nih.gov/articles/PMC10187692/</a>
</li>
<li>Grant S.G. et al. Melatonin and breast cancer: Cellular mechanisms, clinical studies and future perspectives. Expert Rev Mol Med. 2009;11:e5. <a href=""https://pmc.ncbi.nlm.nih.gov/articles/PMC4301735/"" target=""_blank"" rel=""noopener"">https://pmc.ncbi.nlm.nih.gov/articles/PMC4301735/</a>
</li>
<li>Qin K et al. Melatonin promotes sirtuin 1 expression and inhibits IRE1-alpha-XBP1S-CHOP to reduce endoplasmic reticulum stress-mediated apoptosis in chondrocytes. Front. Pharmacol. 2022;13. <a href=""https://www.frontiersin.org/journals/pharmacology/articles/10.3389/fphar.2022.940629/full"" target=""_blank"" rel=""noopener"">https://www.frontiersin.org/journals/pharmacology/articles/10.3389/fphar.2022.940629/full</a>
</li>
<li>Rodrguez-Santana C et al. The relationship between clock genes, sirtuin 1, and mitochondrial activity in head and neck squamous cell cancer: Effects of melatonin treatment. Int J Mol Sci. 2023;24(19): 15030. <a href=""https://www.frontiersin.org/journals/pharmacology/articles/10.3389/fphar.2022.940629/full"" target=""_blank"" rel=""noopener"">https://www.frontiersin.org/journals/pharmacology/articles/10.3389/fphar.2022.940629/full</a>
</li>
<li>Mayo J.C. et al. Melatonin and sirtuins : A “not-so unexpected” relationship. J Pineal Research. 2017;62e 12391. <a href=""https://digibuo.uniovi.es/dspace/bitstream/handle/10651/43022/jpi.12391.pdf?sequence=1"" target=""_blank"" rel=""noopener"">https://digibuo.uniovi.es/dspace/bitstream/handle/10651/43022/jpi.12391.pdf?sequence=1</a>
</li>
</ol>",Bodhi Health Inc,Health & Beauty > Health Care > Fitness & Nutrition > Vitamins & Supplements,Health,"Retail, Retail only, Sublingual",true,Title,Default Title,,,,,,,,'400061,0.0,shopify,deny,manual,0.00,,true,true,,,,,'628425400061,https://cdn.shopify.com/s/files/1/0676/2001/2122/files/Sleep_5_Pack.jpg?v=1759905699,1,"",false,,,,sublingual-sleep-30-pack,,,,,,,,lb,,,false,,,false,,,active
sublingual-sleep-5-pack,,,,,,,,,,,,,,,,,,,,,,,,,,,,,,,https://cdn.shopify.com/s/files/1/0676/2001/2122/files/Melatonin_5_pack_back_c8870b68-edda-4568-8dfa-ed41cddba830.jpg?v=1759905699,2,"",,,,,,,,,,,,,,,,,,,,,,
sublingual-vitamin-b12-5-pack,Sublingual Vitamin B12 (5 Pack),"<p>Rapid Absorption into the Bloodstream</p>
<p><strong>Ensure Your B12 Status Remains Optimal with Our Fast-Dissolving Sublingual (under the tongue) B12 Strips</strong></p>
<p>Vitamin B12 is a vital nutrient required by the body to make red blood cells (preventing anemia), which enables optimal energy production every minute of our lives. B12 is also necessary for the synthesis of brain chemicals (neurotransmitters) required for normal cognition, focus, mood stabilization, prevention of depression and to prevent the build-up of heart disease promoting “homocysteine” in the bloodstream, among other important function.</p>
<p><strong>Why Is Sub-Optimal Vitamin B12 Status So Common?</strong></p>
<p><strong>Aging Process</strong> – in the aging process the stomach makes less acid (hydrochloric acid), which hinders the synthesis and secretion of intrinsic factor. Intrinsic factor is essential for vitamin B12 to get absorbed from the intestinal tract to the bloodstream. As such, many older persons absorb less vitamin B12 from the gut even if they take B12 supplements or consume B12-containing foods frequently.</p>
<p>This is why Bodhi Health’s Fast Dissolving Sublingual B12 Strips is so helpful for people over 45-50. The fast-dissolving strip allows vitamin B12 to get absorbed directly into the bloodstream once placed under the tongue, without the need of intrinsic factor. Our proprietary oral film strip allows for the fastest possible absorption of B12 (less than one minute in most cases) right into the bloodstream, helping to ensure optimal Vitamin B12 status in your body each day.</p>
<p><strong>Antacid Medications</strong> - Doctors often prescribe antacids, proton pump inhibitors and/or histamine blockers to help older subjects who have digestive problems or reflux pain following meals. These drugs block the secretion or action of stomach acids, which in turn further reduces the secretion of intrinsic factor. Intrinsic factor is essential for the absorption of vitamin B12 from the intestinal tract into the bloodstream. Thus, patients taking these drugs are known to be at risk for vitamin B12 deficiency or sub-optimal vitamin B12 status. The daily use of Bodhi Health’s Sublingual B12 is the natural solution to prevent a decline in B12 status in these cases, as our Vitamin B12 strip is quickly absorbed (usually less than one minute) under the tongue directly into the bloodstream, bypassing the need for intrinsic factor.</p>
<p><strong>Changes in Food Selection in Older Subjects and Shifts to More Plant-based Diets</strong> – It is well known that older subjects tend to eat fewer vitamin B12 containing foods (mostly meat-based foods) or smaller portions of these foods. This often leads to a significant decline in B12 status over time. As well, even though a more plant-based diet is desirable to help reduce risk of heart disease (cardiovascular disease) and certain cancers, there is no or very little vitamin B12 in most plant-derived foods. As such, many vegans and vegetarians put themselves at risk for B12 deficiency or suboptimal B12 nutritional status. In these cases, dissolving one Bodhi Health Fast-Dissolving Vitamin B12 strip under your tongue each day can help ensure optimal B12 status over your lifetime.</p>",Bodhi Health Inc,Health & Beauty > Health Care > Fitness & Nutrition > Vitamins & Supplements,Health,"Retail, Retail only, Sublingual",true,Title,Default Title,,,,,,,,'400054,0.0,shopify,deny,manual,0.00,,false,true,,,,,'628425400054,https://cdn.shopify.com/s/files/1/0676/2001/2122/files/B12_5_Pack.jpg?v=1759903350,1,"",false,,,,sublingual-vitamin-b12-30-pack,,,,,,,,lb,,,false,,,false,,,active
sublingual-vitamin-b12-5-pack,,,,,,,,,,,,,,,,,,,,,,,,,,,,,,,https://cdn.shopify.com/s/files/1/0676/2001/2122/files/B12_5_pack_back_f0c544b6-b5be-4c63-9390-8be795fc2ed5.jpg?v=1759903350,2,"",,,,,,,,,,,,,,,,,,,,,,
sublingual-sleep-30-pack,Sublingual Sleep (30 Pack),"<p><strong>Fast-Acting Sleep Support</strong></p>
<p><strong>Bodhi Health’s Fast-Absorbing Sublingual Melatonin (Sleep) quickly dissolves under your tongue delivering melatonin directly into your bloodstream within minutes.</strong></p>
<p>This provides a fast-acting effect that is facilitated by our proprietary oral strip technology, which is proven to delivery active ingredients into the bloodstream rapidly, once placed under the tongue (1).</p>
<p><strong>Approved Benefits of Melatonin:</strong></p>
<ul>
<li>Helps increase total sleep time in people suffering from sleep restriction or altered sleep schedule (e.g., shift work and jet lag).<br>
</li>
<li>Helps to reduce the time it takes to fall asleep.<br>
</li>
<li>Helps to reset the body’s sleep-wake-cycle.<br>
</li>
<li>Natural, safe and non-habit-forming sleep aid.</li>
</ul>
<p><strong>Why Is Sublingual Melatonin the Best Route of Administration?</strong></p>
<p>Clinical studies show that oral melatonin supplements that you swallow are not absorbed well from the gut. In fact, some studies show that only 15% of the melatonin you swallow gets absorbed from the intestinal tract into the bloodstream (this also includes melatonin being quickly broken down by liver enzymes shortly after its absorption form the intestinal tract) (2) As such, oral melatonin supplements are a very inefficient approach to the use of melatonin as a sleep aid or to reset the body’s sleep-wake cycle.</p>
<p><strong>Other Important Reasons to Consider Melatonin (Sleep) Use After Age 40:</strong></p>
<p><strong>Age-related Decline in Melatonin Synthesis -</strong> Melatonin levels begin to decline in the body after puberty and by age 40 melatonin levels are more than 50% lower than they were at age 12-13. This is important because, in addition to sleep benefits, the body relies on melatonin for other important functions (Frontiers of Aging Neuroscience 2022.
<a rel=""noopener"" href=""https://www.frontiersin.org/journals/aging-neuroscience/articles/10.3389/fnagi.2022.888292/full"" target=""_blank"">https://www.frontiersin.org/journals/aging-</a><a rel=""noopener"" href=""https://www.frontiersin.org/journals/aging-neuroscience/articles/10.3389/fnagi.2022.888292/full"" target=""_blank"">neuroscience/articles/10.3389/fnagi.2022.888292/full</a><a rel=""noopener"" href=""https://www.frontiersin.org/journals/aging-neuroscience/articles/10.3389/fnagi.2022.888292/full"" target=""_blank"">)</a>.</p>
<p>Some of these functions include the following:</p>
<p><strong>Immune Support –</strong> many immune cells contain melatonin receptors that require melatonin stimulation for immune cells to function optimally throughout our lifetime (3).</p>
<p><strong>Protects Brain Cells from Free Radical Damage:</strong> Melatonin is a very important antioxidant in the brain, protecting brain cells from the damaging effects of free radicals that are involved in a variety of neurodegenerative diseases and brain aging (4),</p>
<p><strong>Small Studies Show Improvement in Early-Stage Memory Loss:</strong> Several human studies have shown that patients with early-stage memory loss (mild cognitive impairment) exhibited significantly better performance in the Mini-Mental State Examination and the Cognitive Subscale of Alzheimer’s disease Assessment Scale after melatonin administration compared to the control group (who did not receive melatonin) (5).</p>
<p><strong>Prostate and Breast Health Support:</strong> Prostate and Breast cells are known to possess melatonin receptors. When melatonin binds to these receptors it enters these cells where it is shown to exert a numerous health-promoting effects of importance (6,7).</p>
<p><strong>Turns-On Anti-Aging Sirtuin Genes –</strong> Experimental studies show that melatonin “turns on” (upregulates) anti-aging genes in human cells known as sirtuin genes (SIRT 1). Sirtuin gene activation is shown to help protect us against various age-related conditions and degenerative states associated with the aging process (8,9,10)</p>
<p><strong>References:</strong></p>
<ol>
<li>Breakthrough Proprietary Oral Film Technology: (Frontiers of Pharmacology, 2019. <a href=""https://pubmed.ncbi.nlm.nih.gov/31551785/"" target=""_blank"">https://pubmed.ncbi.nlm.nih.gov/31551785/</a>),</li>
<li>DeMuro RL et al. The absolute bioavailability of oral melatonin. J Clin Pharmacol.2000;40(7):781-4 <a rel=""noopener"" href=""https://pubmed.ncbi.nlm.nih.gov/10883420/"" target=""_blank"">https://pubmed.ncbi.nlm.nih.gov/10883420/</a>
</li>
<li>Carrillo-Vico A. et al. Melatonin: Buffering the immune system. Int J Sci. 2023;14(4):8638-8683. <a href=""https://pmc.ncbi.nlm.nih.gov/articles/PMC3645767/"" target=""_blank"" rel=""noopener"">https://pmc.ncbi.nlm.nih.gov/articles/PMC3645767/</a>
</li>
<li>Goo Lee J et al. The neuroprotective effects of melatonin: Possible role in the pathophysiology of neuropsychiatric disease. Brain Sci. 2019;9(10):285. <a href=""https://pmc.ncbi.nlm.nih.gov/articles/PMC6826722/"" target=""_blank"" rel=""noopener"">https://pmc.ncbi.nlm.nih.gov/articles/PMC6826722/</a>
</li>
<li>Cardinali D.P., et al. Therapeutic application of melatonin in mild cognitive impairment. Am J Neurodegener Dis. 2012;1(3):280-291. <a href=""https://pmc.ncbi.nlm.nih.gov/articles/PMC3560473/"">https://pmc.ncbi.nlm.nih.gov/articles/PMC3560473/</a>
</li>
<li>Megerian M.F. et al. Melatonin and Prostate Cancer : Anti-tumor roles and therapeutic application. Aging Dis. 2023;14(3):840-857. <a href=""https://pmc.ncbi.nlm.nih.gov/articles/PMC10187692/"" target=""_blank"" rel=""noopener"">https://pmc.ncbi.nlm.nih.gov/articles/PMC10187692/</a>
</li>
<li>Grant S.G. et al. Melatonin and breast cancer: Cellular mechanisms, clinical studies and future perspectives. Expert Rev Mol Med. 2009;11:e5. <a href=""https://pmc.ncbi.nlm.nih.gov/articles/PMC4301735/"" target=""_blank"" rel=""noopener"">https://pmc.ncbi.nlm.nih.gov/articles/PMC4301735/</a>
</li>
<li>Qin K et al. Melatonin promotes sirtuin 1 expression and inhibits IRE1-alpha-XBP1S-CHOP to reduce endoplasmic reticulum stress-mediated apoptosis in chondrocytes. Front. Pharmacol. 2022;13. <a href=""https://www.frontiersin.org/journals/pharmacology/articles/10.3389/fphar.2022.940629/full"" target=""_blank"" rel=""noopener"">https://www.frontiersin.org/journals/pharmacology/articles/10.3389/fphar.2022.940629/full</a>
</li>
<li>Rodrguez-Santana C et al. The relationship between clock genes, sirtuin 1, and mitochondrial activity in head and neck squamous cell cancer: Effects of melatonin treatment. Int J Mol Sci. 2023;24(19): 15030. <a href=""https://www.frontiersin.org/journals/pharmacology/articles/10.3389/fphar.2022.940629/full"" target=""_blank"" rel=""noopener"">https://www.frontiersin.org/journals/pharmacology/articles/10.3389/fphar.2022.940629/full</a>
</li>
<li>Mayo J.C. et al. Melatonin and sirtuins : A “not-so unexpected” relationship. J Pineal Research. 2017;62e 12391. <a href=""https://digibuo.uniovi.es/dspace/bitstream/handle/10651/43022/jpi.12391.pdf?sequence=1"" target=""_blank"" rel=""noopener"">https://digibuo.uniovi.es/dspace/bitstream/handle/10651/43022/jpi.12391.pdf?sequence=1</a>
</li>
</ol>",Bodhi Health Inc,Health & Beauty > Health Care > Fitness & Nutrition > Vitamins & Supplements,Health,"Retail, Retail only, Sublingual",true,Title,Default Title,,,,,,,,'400023,0.0,shopify,deny,manual,0.00,,true,true,,,,,'628425400023,https://cdn.shopify.com/s/files/1/0676/2001/2122/files/Melatonin_30_pack_22eb13ea-5079-4f2c-a5fd-fdaa9a14a597.jpg?v=1759756693,1,"",false,,,,sublingual-sleep-5-pack,,,,,,,,lb,,,false,,,false,,,active
sublingual-sleep-30-pack,,,,,,,,,,,,,,,,,,,,,,,,,,,,,,,https://cdn.shopify.com/s/files/1/0676/2001/2122/files/Melatonin_back_a3dd26ef-3341-42e2-bea5-6885205bebe8.jpg?v=1759902890,2,"",,,,,,,,,,,,,,,,,,,,,,
sublingual-vitamin-b12-30-pack,Sublingual Vitamin B12 (30 Pack),"<p>Rapid Absorption into the Bloodstream</p>
<p><strong>Ensure Your B12 Status Remains Optimal with Our Fast-Dissolving Sublingual (under the tongue) B12 Strips</strong></p>
<p>Vitamin B12 is a vital nutrient required by the body to make red blood cells (preventing anemia), which enables optimal energy production every minute of our lives. B12 is also necessary for the synthesis of brain chemicals (neurotransmitters) required for normal cognition, focus, mood stabilization, prevention of depression and to prevent the build-up of heart disease promoting “homocysteine” in the bloodstream, among other important function.</p>
<p><strong>Why Is Sub-Optimal Vitamin B12 Status So Common?</strong></p>
<p><strong>Aging Process</strong> – in the aging process the stomach makes less acid (hydrochloric acid), which hinders the synthesis and secretion of intrinsic factor. Intrinsic factor is essential for vitamin B12 to get absorbed from the intestinal tract to the bloodstream. As such, many older persons absorb less vitamin B12 from the gut even if they take B12 supplements or consume B12-containing foods frequently.</p>
<p>This is why Bodhi Health’s Fast Dissolving Sublingual B12 Strips is so helpful for people over 45-50. The fast-dissolving strip allows vitamin B12 to get absorbed directly into the bloodstream once placed under the tongue, without the need of intrinsic factor. Our proprietary oral film strip allows for the fastest possible absorption of B12 (less than one minute in most cases) right into the bloodstream, helping to ensure optimal Vitamin B12 status in your body each day.</p>
<p><strong>Antacid Medications</strong> - Doctors often prescribe antacids, proton pump inhibitors and/or histamine blockers to help older subjects who have digestive problems or reflux pain following meals. These drugs block the secretion or action of stomach acids, which in turn further reduces the secretion of intrinsic factor. Intrinsic factor is essential for the absorption of vitamin B12 from the intestinal tract into the bloodstream. Thus, patients taking these drugs are known to be at risk for vitamin B12 deficiency or sub-optimal vitamin B12 status. The daily use of Bodhi Health’s Sublingual B12 is the natural solution to prevent a decline in B12 status in these cases, as our Vitamin B12 strip is quickly absorbed (usually less than one minute) under the tongue directly into the bloodstream, bypassing the need for intrinsic factor.</p>
<p><strong>Changes in Food Selection in Older Subjects and Shifts to More Plant-based Diets</strong> – It is well known that older subjects tend to eat fewer vitamin B12 containing foods (mostly meat-based foods) or smaller portions of these foods. This often leads to a significant decline in B12 status over time. As well, even though a more plant-based diet is desirable to help reduce risk of heart disease (cardiovascular disease) and certain cancers, there is no or very little vitamin B12 in most plant-derived foods. As such, many vegans and vegetarians put themselves at risk for B12 deficiency or suboptimal B12 nutritional status. In these cases, dissolving one Bodhi Health Fast-Dissolving Vitamin B12 strip under your tongue each day can help ensure optimal B12 status over your lifetime.</p>",Bodhi Health Inc,Health & Beauty > Health Care > Fitness & Nutrition > Vitamins & Supplements,Health,"Retail, Retail only, Sublingual",true,Title,Default Title,,,,,,,,'400009,0.0,shopify,deny,manual,0.00,,true,true,,,,,'628425400009,https://cdn.shopify.com/s/files/1/0676/2001/2122/files/B12_30_pack_25b94dc5-9440-436e-93c0-588950729a54.jpg?v=1759756610,1,"",false,,,,sublingual-vitamin-b12-5-pack,,,,,,,,lb,,,false,,,false,,,active
sublingual-vitamin-b12-30-pack,,,,,,,,,,,,,,,,,,,,,,,,,,,,,,,https://cdn.shopify.com/s/files/1/0676/2001/2122/files/B12_back_253bcc2e-0a89-4677-81a1-141c563fd056.jpg?v=1759902845,2,"",,,,,,,,,,,,,,,,,,,,,,
sublingual-curcumin-30-pack,Curcumin Sublingual (30 Pack),"<p>Bodhi Health has developed a breakthrough patented Curcumin (1) designed for sublingual absorption (under the tongue). This innovative delivery system allows curcumin to enter the bloodstream within minutes, bypassing digestion and first-pass liver metabolism. This enables curcumin to enter the bloodstream quickly and travel to key target tissues to suppress inflammation (and accompanying pain) and provide antioxidant effects.</p>
<p>Effects in the Body Curcumin, a compound in turmeric, has shown powerful anti-inflammatory, neuroprotective, exercise recovery and other important health effects in many studies. Bodhi Health Sublingual Curcumin is approved by health Canada for the purpose of supporting joint health and suppressing joint inflammatory conditions (i.e., osteoarthritis, other arthritic conditions, joint, muscle, tendon injuries etc.)</p>
<p>Curcumin is also shown to cross the blood-brain-barrier, where it provides documented neuroprotective effects (brain protective effects). Some small studies show that it improves memory and recall ability in healthy older subjects (2, 3). Experimental studies suggest that curcumin exerts other important protective effects on brain cells, potentially blocking steps involved in several age-related neurodegenerative conditions (2).</p>
<p>The Challenge:</p>
<p>Curcumin has very low absorption when taken orally—only 1–2% enters the bloodstream. Only small amounts are active even at high doses (1200–3000 mg/day) (4). This limits its effectiveness for severe pain or inflammation, often leading patients to rely on other medications.</p>
<p>The Bodhi Health Breakthrough Solution</p>
<p>To overcome the problems of poor absorption (bioavailability) and high-dose administration (1200 mg per day), Bodhi Health has developed a breakthrough patented Curcumin that provides for fast sublingual absorption (under the tongue). This innovative delivery system allows curcumin to enter the bloodstream within minutes, bypassing digestion and first-pass liver metabolism. This is also made possible using our proprietary oral film strip technology, which in published human research is shown to significantly increase blood levels of active constituents within minutes following sublingual administration (1,5)</p>
<p>Key Advantages:</p>
<p>• Direct bloodstream absorption through the oral mucosa</p>
<p>• Bypasses gut and liver breakdown, preserving curcumin’s potency</p>
<p>• Fast-acting: elevated blood levels in minutes</p>
<p>• Higher bioavailability than traditional oral supplements</p>
<p>Clinical studies using the same sublingual technology show significantly higher blood concentrations at 1-, 10-, and 30-minute post-administration compared to standard oral delivery (5).</p>
<p>References:</p>
<p>1. Patented Curcumin Shown to Improve Bioavailability 46x higher than standard curcumin. 2017 US Patent Approval. https://omniactives.com/press-releases/ultrasol-curcumin-line-curcuwin-granted-patent-for-sports-performance-benefits/ (and https://patents.google.com/patent/WO2012156979A1/en)</p>
<p>2. Curcumin Crosses Blood-Brain-Barrier Exerting Neuroprotective Effects. Adv Exp Med Biol, 2007. NEUROPROTECTIVE EFFECTS OF CURCUMIN - PMC</p>
<p>3. Curcumin Improves Memory in Subjects 50-90 Years Old Compared to Placebo. Am J Geriatric Psychiatry, 2018. https://www.sciencedirect.com/science/article/pii/S1064748117305110</p>
<p>4. Typical Poor Bioavailability of Phenolic Compounds (including Curcumin) Scholarly Community Encyclopedia, 2020. https://encyclopedia.pub/entry/3533</p>
<p>5. Breakthrough Proprietary Oral Film Technology: (Frontiers of Pharmacology, 2019. https://pubmed.ncbi.nlm.nih.gov/31551785/),</p>",Bodhi Health Inc,Health & Beauty > Health Care > Fitness & Nutrition > Vitamins & Supplements,Health,"Retail, Retail only, Sublingual",true,Title,Default Title,,,,,,,,'400016,0.0,shopify,continue,manual,34.98,,true,true,,,,,'628425400016,https://cdn.shopify.com/s/files/1/0676/2001/2122/files/Curcumin_30_pack_2aa922a0-d0ca-44aa-878e-ea68ec657efc.jpg?v=1759305417,1,"",false,,,,curcumin; sublingual-curcumin-20-pack,,,,,,,,lb,,,false,,,false,,,active
sublingual-curcumin-30-pack,,,,,,,,,,,,,,,,,,,,,,,,,,,,,,,https://cdn.shopify.com/s/files/1/0676/2001/2122/files/Curcumin_30_back_fc59c67a-29b9-469e-b6e3-ca25cc70408f.jpg?v=1759903005,2,"",,,,,,,,,,,,,,,,,,,,,,
sublingual-curcumin-20-pack,Curcumin Sublingual (20 Pack),"<p>Bodhi Health has developed a breakthrough patented Curcumin (1) designed for sublingual absorption (under the tongue). This innovative delivery system allows curcumin to enter the bloodstream within minutes, bypassing digestion and first-pass liver metabolism. This enables curcumin to enter the bloodstream quickly and travel to key target tissues to suppress inflammation (and accompanying pain) and provide antioxidant effects.</p>
<p>Effects in the Body-</p>
<p> Curcumin, a compound in turmeric, has shown powerful anti-inflammatory, neuroprotective, exercise recovery and other important health effects in many studies. Bodhi Health Sublingual Curcumin is approved by health Canada for the purpose of supporting joint health and suppressing joint inflammatory conditions (i.e., osteoarthritis, other arthritic conditions, joint, muscle, tendon injuries etc.)</p>
<p>Curcumin is also shown to cross the blood-brain-barrier, where it provides documented neuroprotective effects (brain protective effects). Some small studies show that it improves memory and recall ability in healthy older subjects (2, 3). Experimental studies suggest that curcumin exerts other important protective effects on brain cells, potentially blocking steps involved in several age-related neurodegenerative conditions (2).</p>
<p>The Challenge:</p>
<p>Curcumin has very low absorption when taken orally—only 1–2% enters the bloodstream. Only small amounts are active even at high doses (1200–3000 mg/day) (4). This limits its effectiveness for severe pain or inflammation, often leading patients to rely on other medications.</p>
<p>The Bodhi Health Breakthrough Solution</p>
<p>To overcome the problems of poor absorption (bioavailability) and high-dose administration (1200 mg per day), Bodhi Health has developed a breakthrough patented Curcumin that provides for fast sublingual absorption (under the tongue). This innovative delivery system allows curcumin to enter the bloodstream within minutes, bypassing digestion and first-pass liver metabolism. This is also made possible using our proprietary oral film strip technology, which in published human research is shown to significantly increase blood levels of active constituents within minutes following sublingual administration (1,5)</p>
<p>Key Advantages:</p>
<p>• Direct bloodstream absorption through the oral mucosa</p>
<p>• Bypasses gut and liver breakdown, preserving curcumin’s potency</p>
<p>• Fast-acting: elevated blood levels in minutes</p>
<p>• Higher bioavailability than traditional oral supplements</p>
<p>Clinical studies using the same sublingual technology show significantly higher blood concentrations at 1-, 10-, and 30-minute post-administration compared to standard oral delivery (5).</p>
<p>References:</p>
<p>1. Patented Curcumin Shown to Improve Bioavailability 46x higher than standard curcumin. 2017 US Patent Approval. https://omniactives.com/press-releases/ultrasol-curcumin-line-curcuwin-granted-patent-for-sports-performance-benefits/ (and https://patents.google.com/patent/WO2012156979A1/en)</p>
<p>2. Curcumin Crosses Blood-Brain-Barrier Exerting Neuroprotective Effects. Adv Exp Med Biol, 2007. NEUROPROTECTIVE EFFECTS OF CURCUMIN - PMC</p>
<p>3. Curcumin Improves Memory in Subjects 50-90 Years Old Compared to Placebo. Am J Geriatric Psychiatry, 2018. https://www.sciencedirect.com/science/article/pii/S1064748117305110</p>
<p>4. Typical Poor Bioavailability of Phenolic Compounds (including Curcumin) Scholarly Community Encyclopedia, 2020. https://encyclopedia.pub/entry/3533</p>
<p>5. Breakthrough Proprietary Oral Film Technology: (Frontiers of Pharmacology, 2019. https://pubmed.ncbi.nlm.nih.gov/31551785/),</p>",Bodhi Health Inc,Health & Beauty > Health Care > Fitness & Nutrition > Vitamins & Supplements,Health,"Retail, Retail only, Sublingual",true,Title,Default Title,,,,,,,,'400047,0.0,shopify,continue,manual,29.98,,true,true,,,,,'628425400047,https://cdn.shopify.com/s/files/1/0676/2001/2122/files/Curcumin_20_pack_8f8d6c0d-46c4-4b75-916d-fa9e874f71bc.jpg?v=1759305258,1,"",false,,,,curcumin; sublingual-curcumin-30-pack,,,,,,,,lb,,,false,,,false,,,active
sublingual-curcumin-20-pack,,,,,,,,,,,,,,,,,,,,,,,,,,,,,,,https://cdn.shopify.com/s/files/1/0676/2001/2122/files/Curcumin_20_back_50fc6892-00b7-4168-a1e0-ae9a0390551a.jpg?v=1759305809,2,"",,,,,,,,,,,,,,,,,,,,,,
the-meschino-weight-loss-program,The Meschino Weight Loss Program,"<p>The Meschino Weight Loss Program: Turn Your Body into A Fat-Burning Machine!</p>
<p> (DVD – 147 minutes)</p>
<p>In the Meschino Weight Loss Program, Dr. James Meschino explains the exact lifestyle plan he used successfully to coach hundreds of weight loss patients in his own practice for over 25 years. Scientifically based on 3 natural principles. Dr Meschino’s program will:<br>1. Shrink Your Fat Cells<br>2. Feed Your Lean Mass<br>3. Starve Your Body Fat<br>This proven system is easy to understand, easy to implement and you will lose up to 24 pounds in the first 10-12 weeks – without feeling hungry. The added benefits included improved quality of life, slowing the aging process and reducing risk of common degenerative illnesses. It is never too late to take the first vital step towards your weight loss and wellness goals. Turn your body into a fat-burning machine; you will recapture a more youthful body and maintain it for a lifetime.</p>",Bodhi Health Inc,Media > Videos > DVDs,"","",true,Title,Default Title,,,,,,,,31119D,0.0,shopify,continue,manual,9.98,,true,true,,,,,'066805311192,https://cdn.shopify.com/s/files/1/0676/2001/2122/files/s-l400.jpg?v=1761554647,1,"",false,,,,,,,,,,,,lb,,4.00,true,,,true,,,active
the-meschino-optimal-living-program-dvd-only,The Meschino Optimal Living Program (DVD Only),"<p><span>In the Meschino optimal Living Programme, Dr James Meschino explains the practical, achievable lifestyle and supplementation strategies that science has shown can extend your years of functional living and help optimise your quality of life. In addition, his program spells out the exact lifestyle prescription to a healthy, fit age-resistant body.</span><span></span></p>
<p><span>Dr Meschino's scientifically-based program will provide you with eight easy steps to achieve your wellness objectives</span></p>
<p><span></span><span>Breakthroughs in research over the past 25 years have produces compelling evidence that the correct us of nutrition, exercise, other lifestyle factors, and targeted nutritional supplements can significantly influence the rate of biological aging, genetic expression, and the prevention or postponement of many degenerative diseases such as cancer, heart disease, type 2 diabetes, osteoporosis and many others.</span></p>
<p><span>Contains 2 Discs</span></p>
<p><span>Disc 1, TV version 52 mins,</span></p>
<p><span>Disc 2, Full Length Lecture120mins</span></p>",Bodhi Health Inc,Media > Videos > DVDs,"","",true,Title,Default Title,,,,,,,,31088D,0.0,shopify,continue,manual,9.98,,true,true,,,,,'066805310881,https://cdn.shopify.com/s/files/1/0676/2001/2122/files/dvd_1.jpg?v=1758608628,1,"",false,,,,,,,,,,,,lb,,4.00,true,,,true,,,active
the-meschino-optimal-living-program-book-only,The Meschino Optimal Living Program (Book Only),"<p><span>In the Meschino optimal Living Programme, Dr James Meschino explains the practical, achievable lifestyle and supplementation strategies that science has shown can extend your years of functional living and help optimise your quality of life. In addition, his program spells out the exact lifestyle prescription to a healthy, fit age-resistant body.</span><span></span></p>
<p><span>Dr Meschino's scientifically-based program will provide you with eight easy steps to achieve your wellness objectives</span><span></span></p>
<p><span>Breakthroughs in research over the past 25 years have produces compelling evidence that the correct us of nutrition, exercise, other lifestyle factors, and targeted nutritional supplements can significantly influence the rate of biological aging, genetic expression, and the prevention or postponement of many degenerative diseases such as cancer, heart disease, type 2 diabetes, osteoporosis and many others.</span></p>",Bodhi Health Inc,Media > Books > Print Books,"","",true,Title,Default Title,,,,,,,,'210893,0.0,shopify,continue,manual,22.98,,true,true,,,,,'9780779210893,https://cdn.shopify.com/s/files/1/0676/2001/2122/files/9780779210893-us.jpg?v=1761553621,1,"",false,,"Breakthroughs in research over the past 25 years have produced compelling evidence that the correct use of nutrition, exercise, other lifestyle factors, and targeted nutritional supplements can significantly influence the rate of biological aging, genetic expression and the prevention or postponement of many degenerative diseases such as cancer, heart disease, type 2 diabetes, osteoporosis and many others.",,,,,,,,,,lb,,10.00,true,,,true,,,active
the-meschino-optimal-living-program-book-dvd,The Meschino Optimal Living Program (Book & DVD),"<p><span>The Meschino Optimal Living Program – Eight Steps to a Healthy, Fit, Age-Resistant Body</span><br><span>Breakthroughs in research over the past 25 years have produces compelling evidence that the correct us of nutrition, exercise, other lifestyle factors, and targeted nutritional supplements can significantly influence the rate of biological aging, genetic expression, and the prevention or postponement of many degenerative diseases such as cancer, heart disease, type 2 diabetes, osteoporosis and many others.</span></p>",Bodhi Health Inc,Media > Books > Print Books,"","",true,Title,Default Title,,,,,,,,,0.0,shopify,continue,manual,26.98,,true,true,,,,,,https://cdn.shopify.com/s/files/1/0676/2001/2122/files/optimal_living.jpg?v=1761553916,1,"",false,,,,,,,,,,,,lb,,12.00,true,,,true,,,active
women-s-hormonal-balance,Women’s Hormonal Balance,<p>Contain three natural agents shown to help combat menopausal symptoms and help balance effects of estrogen/progesterone on reproductive tissues</p>,Adeeva,Home & Garden > Lawn & Garden > Gardening > Hydroponics > Nutrients & Supplements > Supplements,Health,Adeeva,true,Title,Default Title,,,,,,,,KNS-000009,0.0,shopify,deny,manual,42.98,,true,true,,,,,,https://cdn.shopify.com/s/files/1/0676/2001/2122/files/Womens-Hormonal-Balance-1_8fd14097-4e44-4040-80ed-0da87cd1c05b.png?v=1756904147,1,Womens-Hormonal-Balance,false,,,"Amounts for 2 capsules, 60 per bottle\r\n

Black Cohosh Extract (2.5% triterpenes)|160 mg\r\n
Soy Extract (20% soy isoflavones)|250 mg\r\n
Gamma-oryzanol (ferulic acid)|300 mg\r\n",,,https://www.youtube.com/watch?v=YJegQ_uEWI8,,,,,,lb,,,true,,,true,,,active
women-s-hormonal-balance,,,,,,,,,,,,,,,,,,,,,,,,,,,,,,,https://cdn.shopify.com/s/files/1/0676/2001/2122/files/Womens-Hormonal-Balance_back.webp?v=1757091530,2,Womens-Hormonal-Balance_back,,,,,,,,,,,,,,,,,,,,,,
ut-clear,UT-Clear,<p>Contains natural ingredients that support urinary tract health in the prevention of recurrent urinary tract infections</p>,Adeeva,Home & Garden > Lawn & Garden > Gardening > Hydroponics > Nutrients & Supplements > Supplements,Health,Adeeva,true,Title,Default Title,,,,,,,,KNS-000021,0.0,shopify,continue,manual,49.98,,true,true,,,,,,https://cdn.shopify.com/s/files/1/0676/2001/2122/files/UT-Clear-1_9c59f140-2975-4035-b5f7-8e96b637a347.png?v=1756904146,1,UT-Clear,false,,,"Amounts for 1 capsule, 60 per bottle\r\n

Cranberry Plant Extract – std to 30% total acids, including 10% quinic acid and 3% polyphenols|150 mg\r\n
D-Mannose|500 mg\r\n",,,https://www.youtube.com/watch?v=2DU8ulfB0DI,,,,,,lb,,,true,,,true,,,active
ut-clear,,,,,,,,,,,,,,,,,,,,,,,,,,,,,,,https://cdn.shopify.com/s/files/1/0676/2001/2122/files/UT-Clear_back.webp?v=1757091422,2,UT-Clear_back,,,,,,,,,,,,,,,,,,,,,,
ultimate-glx,Ultimate GLX,"<p>Contains four natural ingredients shown to support glutathione synthesis and provide support for blood sugar, kidney, liver and brain function and more.</p>",Adeeva,Home & Garden > Lawn & Garden > Gardening > Hydroponics > Nutrients & Supplements > Supplements,Health,Adeeva,true,Title,Default Title,,,,,,,,KNS-000011,0.0,shopify,continue,manual,42.98,,true,true,,,,,,https://cdn.shopify.com/s/files/1/0676/2001/2122/files/Ultimate-GLX-1_2c7f60e8-cca5-4a54-a55e-574e9e9349bd.png?v=1756904144,1,Ultimate-GLX,false,,,"Amounts for 1 capsule, 60 per bottle\r\n

Milk Thistle (standardized to 80% silymarin content)|100 mg\r\n
N-acetyl-L-cysteine|300 mg\r\n
DL-alpha-Lipoic acid|75 mg\r\n
L- Glutamine|300 mg\r\n",,,https://www.youtube.com/watch?v=z3zUG9lwD7Y,,,,,,lb,,,true,,,true,,,active
ultimate-glx,,,,,,,,,,,,,,,,,,,,,,,,,,,,,,,https://cdn.shopify.com/s/files/1/0676/2001/2122/files/Ultimate-GLX_back.webp?v=1757091303,2,Ultimate-GLX_back,,,,,,,,,,,,,,,,,,,,,,
thyro-support-formula,Thyro-Support Formula,<p>Contains natural ingredients that support the synthesis of thyroid hormone and its effects on body tissues</p>,Adeeva,Home & Garden > Lawn & Garden > Gardening > Hydroponics > Nutrients & Supplements > Supplements,Health,Adeeva,true,Title,Default Title,,,,,,,,KNS-000014,0.0,shopify,continue,manual,59.98,,true,true,,,,,,https://cdn.shopify.com/s/files/1/0676/2001/2122/files/Thyro-Support-Formula-2_40049e77-fc40-48da-a3fe-ef7546896a1f.png?v=1756904143,1,Thyro-Support-Formula,false,,,"Amounts for 2 capsules, 60 per bottle\r\n

Coleus Forskohlin (10% extract)|200 mg\r\n
Iodine (from kelp powder)|300 mcg\r\n
L-Tyrosine|500 mg\r\n
Gum Guggul (2.5% Guggulsterone)|300 mg\r\n",,,https://www.youtube.com/watch?v=3iIwUsX9wHU,,,,,,lb,,,true,,,true,,,active
thyro-support-formula,,,,,,,,,,,,,,,,,,,,,,,,,,,,,,,https://cdn.shopify.com/s/files/1/0676/2001/2122/files/Thyro-Support_back.webp?v=1757091184,2,Thyro-Support_back,,,,,,,,,,,,,,,,,,,,,,
sleep-e-naturals,Sleep-E Naturals,<p>Contains natural agents shown to improve sleep quality and reduce time to fall asleep.</p>,Adeeva,Home & Garden > Lawn & Garden > Gardening > Hydroponics > Nutrients & Supplements > Supplements,Health,Adeeva,true,Title,Default Title,,,,,,,,KNS-000010,0.0,shopify,continue,manual,42.98,,true,true,,,,,,https://cdn.shopify.com/s/files/1/0676/2001/2122/files/Sleep-E-Naturals-1_4fdc1ba6-a4af-4f81-84bc-cd5c15b35d5a.png?v=1756904142,1,Sleep-E-Naturals,false,,,"Amounts for 1 capsule, 90 per bottle\r\n

Melatonin 0.5 mg|(500 mcg)\r\n
5-HTP (5-hydroxytryptophan)|10 mg\r\n
GABA (Gamma-amino butyric acid)|25 mg\r\n
Bacopa Monnieri (std to 20% bacosides)|15 mg\r\n",,,https://www.youtube.com/watch?v=qxz8o-GmxiM,,,,,,lb,,,true,,,true,,,active
sleep-e-naturals,,,,,,,,,,,,,,,,,,,,,,,,,,,,,,,https://cdn.shopify.com/s/files/1/0676/2001/2122/files/Sleep-E-Natural_back.webp?v=1757091061,2,Sleep-E-Natural_back,,,,,,,,,,,,,,,,,,,,,,
sensagen,SensaGen,<p>Contains natural agents shown to support sexual function in men and women</p>,Adeeva,Home & Garden > Lawn & Garden > Gardening > Hydroponics > Nutrients & Supplements > Supplements,Health,Adeeva,true,Title,Default Title,,,,,,,,KNS-000022,0.0,shopify,continue,manual,54.98,,true,true,,,,,,https://cdn.shopify.com/s/files/1/0676/2001/2122/files/SensaGen-1_8857d8fb-70c9-4fe0-82c5-0038dbf923ef.png?v=1756904140,1,SensaGen,false,,,"Amounts for 1 capsules, 90 per bottle\r\n

Tribulus Terrestris (std to 40-45% saponin content)|500 mg\r\n
Muira Puama (std 4:1 plant extract)|125 mg\r\n
Maca Root (std 4:1 plant extract)|125 mg\r\n
Horny Goat Weed (std 20:1 plant extract)|5 mg\r\n
Damiana Leaves 4:1 PE (Turnera Aphrodisiaca)|12.5 mg\r\n
Avena Sativa (std 10:1 plant extract)|10 mg\r\n",,,https://www.youtube.com/watch?v=7KrxDbWfgCI,,,,,,lb,,,true,,,true,,,active
sensagen,,,,,,,,,,,,,,,,,,,,,,,,,,,,,,,https://cdn.shopify.com/s/files/1/0676/2001/2122/files/Sensagen_back.webp?v=1757090944,2,Sensagen_back,,,,,,,,,,,,,,,,,,,,,,
prostate-40-plus,Prostate 40 Plus,<p>Contains seven natural agents shown in clinical studies to help reverse prostate enlargement and support prostate health in various ways.(especially important for men over 40)</p>,Adeeva,Home & Garden > Lawn & Garden > Gardening > Hydroponics > Nutrients & Supplements > Supplements,Health,Adeeva,true,Title,Default Title,,,,,,,,KNS-000008,0.0,shopify,continue,manual,42.98,,true,true,,,,,,https://cdn.shopify.com/s/files/1/0676/2001/2122/files/Prostate-40-Plus-1_2b5b7290-523f-4e00-9bde-c06964170787.png?v=1756904209,1,"",false,,,"Amounts for 2 capsules, 60 per bottle\r\n

Beta-Sitosterol (std 45%), Campesterol (std 23%), Stigmasterol (std 22%)|144 mg\r\n
Saw Palmetto Extract (45% fatty acids and sterols)|640 mg\r\n
Pygeum (std 25% triterpenes)|100 mg\r\n
Soy Extract (20% soy isoflavones)|100 mg\r\n
Stinging Nettle Extract (5:1)|60 mg\r\n
Pumpkin Seed Extract (4:1)|50 mg\r\n
Lycopene (5%)|25 mg\r\n",,,https://www.youtube.com/watch?v=a1XAF1fFxd4,,,,,,lb,,,true,,,true,,,active
prostate-40-plus,,,,,,,,,,,,,,,,,,,,,,,,,,,,,,,https://cdn.shopify.com/s/files/1/0676/2001/2122/files/Prostate-40-Plus_back.webp?v=1757090827,2,Prostate-40-Plus_back,,,,,,,,,,,,,,,,,,,,,,
orega-sept,Orega-Sept,<p>Contains research tested P73 wild oregano blend with proven anti-microbial properties</p>,Adeeva,Home & Garden > Lawn & Garden > Gardening > Hydroponics > Nutrients & Supplements > Supplements,Health,Adeeva,true,Title,Default Title,,,,,,,,KNS-000017,0.0,shopify,continue,manual,54.98,,true,true,,,,,,https://cdn.shopify.com/s/files/1/0676/2001/2122/files/Orega-Sept_8069e9f5-17c9-415a-8d91-065a26361613.png?v=1756904138,1,Orega-Sept,false,,,"Amounts for 2 capsules, 60 per bottle\r\n

Proprietary wild high mountain oregano herb blend (P73), Wild mountain sage, Cumin (high mountain blend)|400 mg\r\n",,,https://www.youtube.com/watch?v=ZMb69PqyVkA,,,,,,lb,,,true,,,true,,,active
orega-sept,,,,,,,,,,,,,,,,,,,,,,,,,,,,,,,https://cdn.shopify.com/s/files/1/0676/2001/2122/files/Orega-Sept-2_back.webp?v=1757090648,2,Orega-Sept-2_back,,,,,,,,,,,,,,,,,,,,,,
nature-s-relief,Nature’s Relief,"<p>Contains four natural anti-inflammatory &amp;pain-killing agents to help reduce joint, muscle, tendon, disc and bone inflammation of orthopaedic origin.</p>",Adeeva,Home & Garden > Lawn & Garden > Gardening > Hydroponics > Nutrients & Supplements > Supplements,Health,Adeeva,true,Title,Default Title,,,,,,,,KNS-000007,0.0,shopify,continue,manual,49.98,,true,true,,,,,,https://cdn.shopify.com/s/files/1/0676/2001/2122/files/Natures-Relief-1_759751ed-1b4c-45f8-bab0-218b8943eb15.png?v=1756904137,1,Natures-Relief,false,,,"Amounts for 3 capsules, 90 per bottle\r\n

Turmeric extract (95% Curcuminoids)|630 mg\r\n
Boswellia Serrata (std. 70% Boswellic acid)|600 mg\r\n
White Willow Extract (std. 15% salicin)|100 mg\r\n
Ginger Root Extract (std. 5% Gingerols)|150 mg\r\n",,,https://www.youtube.com/watch?v=xd1-6fJalEU,,,,,,lb,,,true,,,true,,,active
nature-s-relief,,,,,,,,,,,,,,,,,,,,,,,,,,,,,,,https://cdn.shopify.com/s/files/1/0676/2001/2122/files/Natures-Relief_back.webp?v=1757090530,2,Natures-Relief_back,,,,,,,,,,,,,,,,,,,,,,
nature-s-iron,Nature’s Iron,"<p>Contain 45 mg of iron bisgycinate, a highly absorbable form of iron, along with other nutrients to support red blood cell and haemoglobin synthesis.</p>",Adeeva,Home & Garden > Lawn & Garden > Gardening > Hydroponics > Nutrients & Supplements > Supplements,Health,Adeeva,true,Title,Default Title,,,,,,,,KNS-000018,0.0,shopify,continue,manual,49.98,,true,true,,,,,,https://cdn.shopify.com/s/files/1/0676/2001/2122/files/Natures-Iron-1_e2f6d5f5-bd84-4353-90b3-0f0530deb2a3.png?v=1756904135,1,Natures-Iron,false,,,"Amounts for 1 capsule, 60 per bottle\r\n

Iron (Iron (II) bisglycinate)|45 mg\r\n
Vitamin C|50 mg\r\n
Vitamin B12 (methylcobalamin)|20 mcg\r\n
Folic Acid|50 mcg\r\n
Vitamin B6|10 mg\r\n
Vitamin B2 (Riboflavin)|5 mg\r\n
Copper|500 mcg\r\n",,,https://www.youtube.com/watch?v=rrIvgnuUJHM,,,,,,lb,,,true,,,true,,,active
nature-s-essential-oils,Nature’s Essential Oils,"<p>Contain Fish, Flaxseed and Borage Seed oils to support synthesis of anti-inflammatory prostaglandins 1 &amp; 3 and provide metabolic support to brain and other tissues.</p>",Adeeva,Home & Garden > Lawn & Garden > Gardening > Hydroponics > Nutrients & Supplements > Supplements,Health,Adeeva,true,Title,Default Title,,,,,,,,KNS-000016,0.0,shopify,continue,manual,39.98,,true,true,,,,,,https://cdn.shopify.com/s/files/1/0676/2001/2122/files/Natures-Essential-Oils-1_ac129fdb-fa2f-42e0-ae70-532ab46bf176.png?v=1756904134,1,Natures-Essential-Oils,false,,,"Amounts for 3 Softgels, 90 per bottle\r\n

Fish Oil|1200 mg\r\n
Borage Oil|1200 mg\r\n
Flaxseed Oil|1200 mg\r\n
The oils listed above provide the following:\r\n
Alpha-Linolenic Acid (Omega 3)|636 mg\r\n
Gamma-Linolenic Acid (Omega 6)|271.5 mg\r\n
Eicosapentaenoic Acid (EPA)|360 mg\r\n
Docosahexaenoic Acid (DHA)|240 mg\r\n
Linoleic Acid (Omega 6)|636 mg\r\n
Oleic Acid (from Flaxseed Oil and Borage Oil)|511.5 mg\r\n
Vitamin E (from mixed tocopherols)|22.5 IU\r\n
D-a-tocopherol (1000 IU/g)|9 mg\r\n",,,https://www.youtube.com/watch?v=yOznrYRut8A,,,,,,lb,,,true,,,true,,,active
nature-s-essential-oils,,,,,,,,,,,,,,,,,,,,,,,,,,,,,,,https://cdn.shopify.com/s/files/1/0676/2001/2122/files/Natures-Essential-Oils_back.webp?v=1757090295,2,Natures-Essential-Oils_back,,,,,,,,,,,,,,,,,,,,,,
memory-support-complex,Cognitive Support Complex,<p>Contains four natural agents proven to support memory and provide other neuroprotective effects in individuals over 50</p>,Adeeva,Home & Garden > Lawn & Garden > Gardening > Hydroponics > Nutrients & Supplements > Supplements,Health,Adeeva,true,Title,Default Title,,,,,,,,'100732,0.0,shopify,continue,manual,44.98,,true,true,,,,,'616255100732,https://cdn.shopify.com/s/files/1/0676/2001/2122/files/cognitive-suppoer-complex-Front-side.png?v=1773727968,1,"",false,,,"Amounts for 1 capsule, 30 per bottle\r\n

CDP-Choline|50 mg\r\n
Phosphatidylserine – 50% grade|100 mg\r\n
Huperzine A|25 mcg\r\n
Bacopa Monnieri – std to 20% Bacosides content|50 mg\r\n",,,https://www.youtube.com/watch?v=rvFsZWjR6PI,,,,,,lb,,,true,,,true,,,active
memory-support-complex,,,,,,,,,,,,,,,,,,,,,,,,,,,,,,,https://cdn.shopify.com/s/files/1/0676/2001/2122/files/cognitive-suppoer-complex-back-side-1.png?v=1773727990,2,"",,,,,,,,,,,,,,,,,,,,,,
immuno-detox-prime,Immuno-Detox Prime,<p>Contains four natural agents that support immunity and liver detoxification processes.</p>,Adeeva,Home & Garden > Lawn & Garden > Gardening > Hydroponics > Nutrients & Supplements > Supplements,Health,Adeeva,true,Title,Default Title,,,,,,,,KNS-000012,0.0,shopify,continue,manual,44.98,,true,true,,,,,,https://cdn.shopify.com/s/files/1/0676/2001/2122/files/Immuno-Detox-Prime-1_056fa34a-9cf3-4dee-bf79-726643f32a1e.png?v=1756904132,1,Immuno-Detox-Prime,false,,,"Amounts for 2 capsules, 60 per bottle\r\n

Milk thistle (std. 80% silymarin)|300 mg\r\n
Indole-3-Carbinol (97% grade)|50 mg\r\n
Astragalus (2:1 grade)|200 mg\r\n
Reishi Mushroom Powdered Extract (std. 10% polysaccharides, 4% triterpenes)|60 mg\r\n",,,https://www.youtube.com/watch?v=n7-Tpf-51jg,,,,,,lb,,,true,,,true,,,active
immuno-detox-prime,,,,,,,,,,,,,,,,,,,,,,,,,,,,,,,https://cdn.shopify.com/s/files/1/0676/2001/2122/files/Immuno-Detox-Prime_back.webp?v=1757090038,2,Immuno-Detox-Prime_back,,,,,,,,,,,,,,,,,,,,,,
glucosamine-joint-formula,Glucosamine Joint Formula,<p>Contains purified glucosamine sulfate with three natural anti-inflammatory agents shown to support joint health</p>,Adeeva,Home & Garden > Lawn & Garden > Gardening > Hydroponics > Nutrients & Supplements > Supplements,Health,Adeeva,true,Title,Default Title,,,,,,,,KNS-000003,0.0,shopify,continue,manual,44.98,,true,true,,,,,,https://cdn.shopify.com/s/files/1/0676/2001/2122/files/Glucosamine-Joint-Formula-1_807adcdd-5de5-429c-b5f9-72e9ce435f9d.png?v=1756904131,1,Glucosamine-Joint-Formula,false,,,"Amounts for 3 capsules, 90 per bottle\r\n

Glucosamine Sulfate|1500 mg\r\n
MSM (Methyl Sulfonyl Methane)|400 mg\r\n
Quercetin|300 mg\r\n
Bromelain Enzymes (2,400 GDU)|300 mg\r\n",,,https://www.youtube.com/watch?v=zu26yKouzSk,,,,,,lb,,,true,,,true,,,active
glucosamine-joint-formula,,,,,,,,,,,,,,,,,,,,,,,,,,,,,,,https://cdn.shopify.com/s/files/1/0676/2001/2122/files/Glucosamine_back.webp?v=1757089885,2,Glucosamine_back,,,,,,,,,,,,,,,,,,,,,,
flora-essentials,Flora Essentials,"<p>Contains high potency, full spectrum blend of digestive enzymes as well two important prebiotics to support gut microflora</p>",Adeeva,Home & Garden > Lawn & Garden > Gardening > Hydroponics > Nutrients & Supplements > Supplements,Health,Adeeva,true,Title,Default Title,,,,,,,,KNS-000015,0.0,shopify,continue,manual,49.98,,true,true,,,,,,https://cdn.shopify.com/s/files/1/0676/2001/2122/files/Flora-Essentials-1_f9537d87-eef8-452d-9df4-920bfc26fe14.png?v=1756904129,1,Flora-Essentials,false,,,"Amounts for 4 capsules, 120 per bottle\r\n

Proprietary Enzyme Blend containing: Amylase, Protease I, Protease II, Lactase, Lipase, Cellulase, Diastase, Invertase|1200 mg\r\n
Fructo-OligoSaccharide|700 mg\r\n
Inulin|300 mg\r\n",,,https://www.youtube.com/watch?v=YodwecTfzK8,,,,,,lb,,,true,,,true,,,active
flora-essentials,,,,,,,,,,,,,,,,,,,,,,,,,,,,,,,https://cdn.shopify.com/s/files/1/0676/2001/2122/files/Flora-Essientials_back.webp?v=1757089728,2,Flora-Essientials_back,,,,,,,,,,,,,,,,,,,,,,
essential-h-a-spray-serum-set-60ml-30ml,Essential H.A. Spray & Serum Set (60ml/30ml),<p>Contains trademarked Hydrexelin- a unique form or hyaluronic acid shown to reverse fine lines and shallow wrinkles with regular topical application</p>,Adeeva,Home & Garden > Lawn & Garden > Gardening > Hydroponics > Nutrients & Supplements > Supplements,Health,Adeeva,true,Title,Default Title,,,,,,,,KTF-000013,0.0,shopify,continue,manual,99.50,,true,true,,,,,,https://cdn.shopify.com/s/files/1/0676/2001/2122/files/Essential-H.A.-Combo_2530f39e-6f9b-4858-bf2d-dcb9dd8a0e74.png?v=1756904128,1,Essential-H.A.-Combo,false,,,,,,,,,,,,lb,,,true,,,true,,,active
essential-h-a-revitalizing-hyaluronic-spray-60ml,Essential H.A. Revitalizing Hyaluronic Spray – 60ml,"<p>An essential anti-aging skin nutrient for individuals over 20 years of age, this topical product contains research-tested encapsulated hyaluronic acid (H.A.) – known as HydrexelinTM, which helps replenish skin H.A. levels, supporting skin hydration and other aspects of skin appearance</p>",Adeeva,Home & Garden > Lawn & Garden > Gardening > Hydroponics > Nutrients & Supplements > Supplements,Health,Adeeva,true,Title,Default Title,,,,,,,,KTF-000004,0.0,shopify,continue,manual,49.98,,true,true,,,,,,https://cdn.shopify.com/s/files/1/0676/2001/2122/files/Essential-H.A.-60-ml-1_b2d92ae7-055c-4bf6-a160-97095313927e.png?v=1756904127,1,Essential-H.A-60-ml,false,,,,,,https://www.youtube.com/watch?v=NCnTeXG5E5U,,,,,,lb,,,true,,,true,,,active
essential-h-a-concentrated-hyaluronic-serum-30ml,Essential H.A. Concentrated Hyaluronic Serum – 30ml,"<p>An essential anti-aging skin nutrient for individuals over 20 years of age, this topical product contains research-tested encapsulated hyaluronic acid (H.A.) – known as HydrexelinTM, which helps replenish skin H.A. levels, supporting skin hydration and other aspects of skin appearance.</p>",Adeeva,Home & Garden > Lawn & Garden > Gardening > Hydroponics > Nutrients & Supplements > Supplements,Health,Adeeva,true,Title,Default Title,,,,,,,,KTF-000003,0.0,shopify,continue,manual,69.98,,true,true,,,,,,https://cdn.shopify.com/s/files/1/0676/2001/2122/files/Essential-H.A-30-ml_8f05a35d-257d-4204-8f6e-1c5c28aad610.png?v=1756904126,1,Essential-H.A-30-ml,false,,,,,,https://www.youtube.com/watch?v=H_G6UJocyw0,,,,,,lb,,,true,,,true,,,active
cardio-essentials,Cardio Essentials,"<p>Contains CoQ10, Hawthorn, L-Taurine and Quercetin, which work synergistically to support heart muscle energy production and blood vessel function in cardiovascular support (especially important for those over 45)</p>",Adeeva,Home & Garden > Lawn & Garden > Gardening > Hydroponics > Nutrients & Supplements,Health,Adeeva,true,Title,Default Title,,,,,,,,KNS-000004,0.0,shopify,continue,manual,42.98,,true,true,,,,,,https://cdn.shopify.com/s/files/1/0676/2001/2122/files/Cardio-Essentials-1_e477e0a9-8289-4eea-9005-11818bfe70c3.png?v=1755870653,1,Cardio,false,,,"Amounts for 2 capsules, 60 per bottle\r\n

Coenzyme Q10|60 mg\r\n
Hawthorn Flower and Leaf 5:1 Extract|75 mg\r\n
Quercetin|100 mg\r\n
Taurine|500 mg\r\n",,,https://www.youtube.com/watch?v=U2iPjD3bi0Q,,,,,,lb,,,true,,,true,,,active
cardio-essentials,,,,,,,,,,,,,,,,,,,,,,,,,,,,,,,https://cdn.shopify.com/s/files/1/0676/2001/2122/files/Cardio-Essentials_back.webp?v=1757088578,2,Cardio-Essentials_back,,,,,,,,,,,,,,,,,,,,,,
bone-support-formula,Bone Support Formula,"<p>Designed to accompany Adeeva All-in-One Multivitamin and Mineral, this supplement contains additional bone building natural agents that support bone density</p>",Adeeva,Home & Garden > Lawn & Garden > Gardening > Hydroponics > Nutrients & Supplements,Health,Adeeva,true,Title,Default Title,,,,,,,,KNS-000013,0.0,shopify,continue,manual,39.98,,true,true,,,,,,https://cdn.shopify.com/s/files/1/0676/2001/2122/files/Bone-Support-Formula-1_9387ac3a-1184-426e-b520-17d4a3a935ca.png?v=1755870652,1,Bone,false,,,"Amounts for 2 caplets, 60 per bottle\r\n

Vitamin D (as cholecalciferol)|20 mcg\r\n
Betaine hydrochloride|10 mg\r\n
Silicon (as bamboo leaf extract)|1.4476 mg\r\n
Boron (as boron citrate)|700 mcg\r\n
Calcium (as calcium carbonate and citrate)|600 mg\r\n
Magnesium (as magnesium HVP chelate)|300 mg\r\n
Epimedium sagittatum (as horny goat weed leaf) (10:1, 1500 mg Dry)|300 mg\r\n",,,https://www.youtube.com/watch?v=Y7o2Iz47H94,,,,,,lb,,,true,,,true,,,active
bone-support-formula,,,,,,,,,,,,,,,,,,,,,,,,,,,,,,,https://cdn.shopify.com/s/files/1/0676/2001/2122/files/Bone-Support_back.webp?v=1757088233,2,Bone-Support_back,,,,,,,,,,,,,,,,,,,,,,
body-burn,Body Burn,"<p>Contains three natural agents shown to help metabolize body fat, support blood sugar regulation and provide support to other tissues.</p>",Adeeva,Home & Garden > Lawn & Garden > Gardening > Hydroponics > Nutrients & Supplements,Health,Adeeva,true,Title,Default Title,,,,,,,,KNS-000002,0.0,shopify,continue,manual,44.98,,true,true,,,,,,https://cdn.shopify.com/s/files/1/0676/2001/2122/files/Body-Burn-1_36aee544-6ead-4e81-8584-b535709e1804.png?v=1755870650,1,Body,false,,,"Amounts for 3 capsules, 90 per bottle\r\n

Garcinia Cambogia (50% Hydroxycitric Acid)|1500 mg\r\n
Green Tea (Camillia Sinensis) (<6mg Caffeine) 81% Catechins 40% EGCG|600 mg\r\n
Chromium (chromium hvp/hap chelate)|200 mcg\r\n",,,https://www.youtube.com/watch?v=3o8x4kfz9u0,,,,,,lb,,,true,,,true,,,active
body-burn,,,,,,,,,,,,,,,,,,,,,,,,,,,,,,,https://cdn.shopify.com/s/files/1/0676/2001/2122/files/Body-Burn_back.webp?v=1757088074,2,Body-Burn_back,,,,,,,,,,,,,,,,,,,,,,
all-in-one-multi-vitamin-mineral,All-in-One Multi-Vitamin & Mineral,"<p>Most potent Multi Vit and Mineral in Canada, containing enriched levels of antioxidants, B-50 complex, 500 mg calcium, 1,000 IU vitamin D and everything else from A to zinc.</p>",Adeeva,Home & Garden > Lawn & Garden > Gardening > Hydroponics > Nutrients & Supplements,Health,Adeeva,true,Title,Default Title,,,,,,,,'100435,0.0,shopify,continue,manual,44.98,,true,true,,,,,'616255100435,https://cdn.shopify.com/s/files/1/0676/2001/2122/files/All-in-One-Multi-Vitamin-Mineral-1_592192fc-2729-4d1f-8b68-a891c10e97a5.png?v=1755870649,1,Multi-Vitamin,false,,,"Amounts for 4 caplets, 120 per bottle\r\n

Vitamin A (palmitate)|2500\r\n
Beta Carotene|15000\r\n
Vitamin D3 (cholecalciferol)|1000\r\n
Vitamin E (d-alpha tocopherol succinate)|400\r\n
Vitamin C (ascorbic acid)|1000 mg\r\n
Vitamin B-1 (thiamine mononitrate)|50 mg\r\n
Vitamin B-2 (riboflavin)|50 mg\r\n
Niacin (niacinamide)|50 mg\r\n
Vitamin B-6 (pyridoxine hydrochloride)|50 mg\r\n
Vitamin B-12 (methylcobalamin)|50 mcg\r\n
Folic Acid|400 mcg\r\n
Biotin|300 mcg\r\n
D-Pantothenic Acid (calcium d-pantothenate)|50 mg\r\n
Calcium (carbonate & citrate)|500 mg\r\n
Iron (ferrous fumarate)|6 mg\r\n
Magnesium (magnesium oxide)|200 mg\r\n
Zinc (citrate)|15 mg\r\n
Copper (gluconate)|2 mg\r\n
Chromium (hvp chelate)|50 mcg\r\n
Manganese (gluconate)5 mg\r\n
Selenium (hvp chelate)|200 mcg\r\n
Molybdenum (citrate)|50 mcg\r\n
Bioflavonoids (citrus complex)|50 mg\r\n
Lycopene (5%)|6 mg\r\n
Lutein (5%)|6 mg\r\n",,,https://www.youtube.com/watch?v=n5ZuBR6Wh9w,,,,,,lb,,,true,,,true,,,active
all-in-one-multi-vitamin-mineral,,,,,,,,,,,,,,,,,,,,,,,,,,,,,,,https://cdn.shopify.com/s/files/1/0676/2001/2122/files/Multi-vitamin_back.webp?v=1757079971,2,Multi-vitamin_back,,,,,,,,,,,,,,,,,,,,,,
adrnl-support-complex,Adrnl Support Complex,<p>Contains three Adaptogen Herbs to combat impact of stress and support adrenal gland function<br></p>,Adeeva,Home & Garden > Lawn & Garden > Gardening > Hydroponics > Nutrients & Supplements,Health,Adeeva,true,Title,Default Title,,,,,,,,KNS-000024,0.0,shopify,continue,manual,49.98,,true,true,,,,,,https://cdn.shopify.com/s/files/1/0676/2001/2122/files/Adrnl-Support-Complex_1fa5685e-e95f-494f-9d8f-87d2183f620c.png?v=1755870648,1,Adrnl,false,,,"Amounts for 2 capsules, 60 per bottle\r\n

Rhodiola Rosea (3.5% Rosavins)|200 mg\r\n
Ashwagandha (5% Withanolides)|450 mg\r\n
Schisandra (2% Schizandrins)|200 mg\r\n
Vitamin B6 (Pyridoxine)|50 mg\r\n
Pantothenic acid (Vitamin B5)|50 mg\r\n
Magnesium (Hydroxide)|170 mg\r\n
Vitamin C (Ascorbic Acid)|100 mg\r\n
Zinc (Citrate)|10 mg\r\n",,,https://www.youtube.com/watch?v=0Gp8XnfLPD4,,,,,,lb,,,true,,,true,,,active
adrnl-support-complex,,,,,,,,,,,,,,,,,,,,,,,,,,,,,,,https://cdn.shopify.com/s/files/1/0676/2001/2122/files/Adrnl-Support-Complex_Back.webp?v=1757079173,2,"",,,,,,,,,,,,,,,,,,,,,,
curcumin,Curcumin Sublingual (5 Pack),"<p>Bodhi Health has developed a breakthrough patented Curcumin (1) designed for sublingual absorption (under the tongue). This innovative delivery system allows curcumin to enter the bloodstream within minutes, bypassing digestion and first-pass liver metabolism. This enables curcumin to enter the bloodstream quickly and travel to key target tissues to suppress inflammation (and accompanying pain) and provide antioxidant effects.</p><p><strong>Effects in the Body</strong></p><p>Curcumin, a compound in turmeric, has shown powerful anti-inflammatory, neuroprotective, exercise recovery and other important health effects in many studies. Bodhi Health Sublingual Curcumin is approved by Health Canada for the purpose of supporting joint health and suppressing joint inflammatory conditions (i.e., osteoarthritis, other arthritic conditions, joint, muscle, tendon injuries etc.)</p><p>Curcumin is also shown to cross the blood-brain-barrier, where it provides documented neuroprotective effects (brain protective effects). Some small studies show that it improves memory and recall ability in healthy older subjects (2, 3). Experimental studies suggest that curcumin exerts other important protective effects on brain cells, potentially blocking steps involved in several age-related neurodegenerative conditions (2).</p><p><strong>The Challenge</strong></p><p>Curcumin has very low absorption when taken orally—only 1–2% enters the bloodstream. Only small amounts are active even at high doses (1200–3000 mg/day) (4). This limits its effectiveness for severe pain or inflammation, often leading patients to rely on other medications.</p><p><strong>The Bodhi Health Breakthrough Solution</strong></p><p>To overcome the problems of poor absorption (bioavailability) and high-dose administration (1200 mg per day), Bodhi Health has developed a breakthrough patented Curcumin that provides for fast sublingual absorption (under the tongue). This innovative delivery system allows curcumin to enter the bloodstream within minutes, bypassing digestion and first-pass liver metabolism. This is also made possible using our proprietary oral film strip technology, which in published human research is shown to significantly increase blood levels of active constituents within minutes following sublingual administration (1, 5).</p><p><strong>Key Advantages</strong></p><p>• Direct bloodstream absorption through the oral mucosa<br>• Bypasses gut and liver breakdown, preserving curcumin's potency<br>• Fast-acting: elevated blood levels in minutes<br>• Higher bioavailability than traditional oral supplements</p><p>Clinical studies using the same sublingual technology show significantly higher blood concentrations at 1-, 10-, and 30-minute post-administration compared to standard oral delivery (5).</p><p><strong>References</strong></p><p>1. Patented Curcumin Shown to Improve Bioavailability 46x higher than standard curcumin. 2017 US Patent Approval. https://omniactives.com/press-releases/ultrasol-curcumin-line-curcuwin-granted-patent-for-sports-performance-benefits/</p><p>2. Curcumin Crosses Blood-Brain-Barrier Exerting Neuroprotective Effects. Adv Exp Med Biol, 2007. NEUROPROTECTIVE EFFECTS OF CURCUMIN - PMC</p><p>3. Curcumin Improves Memory in Subjects 50-90 Years Old Compared to Placebo. Am J Geriatric Psychiatry, 2018. https://www.sciencedirect.com/science/article/pii/S1064748117305110</p><p>4. Typical Poor Bioavailability of Phenolic Compounds (including Curcumin). Scholarly Community Encyclopedia, 2020. https://encyclopedia.pub/entry/3533</p><p>5. Breakthrough Proprietary Oral Film Technology. Frontiers of Pharmacology, 2019. https://pubmed.ncbi.nlm.nih.gov/31551785/</p>",Bodhi Health Inc,Health & Beauty > Health Care > Fitness & Nutrition > Vitamins & Supplements,Health,"Retail, Retail only, Sublingual",true,Title,Default Title,,,,,,,,'400030,0.0,shopify,continue,manual,8.98,,true,true,,,,,'628425400030,https://cdn.shopify.com/s/files/1/0676/2001/2122/files/Curcumin_5_pack_dcaba210-a64a-4f2e-9b52-6d4536e2fc91.jpg?v=1759304841,1,"",false,,,,sublingual-curcumin-20-pack; sublingual-curcumin-30-pack,,,,,,,,lb,,,false,,,false,,,active
curcumin,,,,,,,,,,,,,,,,,,,,,,,,,,,,,,,https://cdn.shopify.com/s/files/1/0676/2001/2122/files/Circumin_5_pack_back_cb56b512-e0be-4cbf-9396-3e3814ed7d3d.jpg?v=1759305181,2,"",,,,,,,,,,,,,,,,,,,,,,
