{"level":"info","message":"Server is running on port 3000","timestamp":"2026-07-30T09:52:43.468Z"}
{"level":"info","message":"POST /api/store-info","timestamp":"2026-07-30T09:52:58.524Z"}
{"level":"info","message":"POST /api/search-products","timestamp":"2026-07-30T09:54:43.505Z"}
{"0":{"extensions":{"code":"undefinedField","fieldName":"availableForSale","typeName":"Product"},"locations":[{"column":15,"line":10}],"message":"Field 'availableForSale' doesn't exist on type 'Product'","path":["query SearchProducts","products","edges","node","availableForSale"]},"level":"error","message":"Shopify GraphQL Errors:","timestamp":"2026-07-30T09:54:43.984Z"}
{"error":"Shopify API Error: Field 'availableForSale' doesn't exist on type 'Product'","level":"error","message":"Shopify Request Failed","stack":"Error: Shopify API Error: Field 'availableForSale' doesn't exist on type 'Product'\n    at queryShopify (C:\\Users\\BAPS\\Downloads\\shopify brige\\shopify-ai-bridge\\src\\services\\shopifyService.js:18:13)\n    at process.processTicksAndRejections (node:internal/process/task_queues:104:5)\n    at async searchProducts (C:\\Users\\BAPS\\Downloads\\shopify brige\\shopify-ai-bridge\\src\\controllers\\productController.js:36:18)","timestamp":"2026-07-30T09:54:43.987Z"}
{"level":"error","message":"Shopify API Error: Field 'availableForSale' doesn't exist on type 'Product' - /api/search-products - POST - ::1","stack":"Error: Shopify API Error: Field 'availableForSale' doesn't exist on type 'Product'\n    at queryShopify (C:\\Users\\BAPS\\Downloads\\shopify brige\\shopify-ai-bridge\\src\\services\\shopifyService.js:18:13)\n    at process.processTicksAndRejections (node:internal/process/task_queues:104:5)\n    at async searchProducts (C:\\Users\\BAPS\\Downloads\\shopify brige\\shopify-ai-bridge\\src\\controllers\\productController.js:36:18)","timestamp":"2026-07-30T09:54:43.988Z"}
{"level":"info","message":"Server is running on port 3000","timestamp":"2026-07-30T09:54:53.850Z"}
{"level":"info","message":"POST /api/search-products","timestamp":"2026-07-30T09:55:03.463Z"}
{"level":"info","message":"POST /api/create-order","timestamp":"2026-07-30T09:55:15.980Z"}
{"level":"info","message":"Server is running on port 3000","timestamp":"2026-07-30T10:14:04.889Z"}
{"level":"info","message":"Server is running on port 3000","timestamp":"2026-07-30T10:14:13.332Z"}
{"level":"info","message":"Server is running on port 3000","timestamp":"2026-07-30T10:22:21.521Z"}
{"level":"info","message":"Server is running on port 3000","timestamp":"2026-07-30T10:30:20.337Z"}
{"level":"info","message":"Server is running on port 3000","timestamp":"2026-07-30T10:32:39.188Z"}
{"level":"info","message":"Server is running on port 3000","timestamp":"2026-07-30T10:55:08.331Z"}
{"level":"info","message":"Server is running on port 3000","timestamp":"2026-07-30T10:55:14.865Z"}
{"level":"info","message":"Server is running on port 3000","timestamp":"2026-07-30T10:55:33.952Z"}
{"level":"info","message":"POST /api/agent","timestamp":"2026-07-30T11:00:12.217Z"}
{"level":"info","message":"POST /api/agent","timestamp":"2026-07-30T11:00:33.186Z"}
{"level":"info","message":"POST /api/agent","timestamp":"2026-07-30T11:01:02.286Z"}
{"level":"info","message":"Server is running on port 3000","timestamp":"2026-07-30T11:02:54.008Z"}
{"level":"info","message":"POST /api/agent","timestamp":"2026-07-30T11:02:55.739Z"}
{"level":"info","message":"POST /api/agent","timestamp":"2026-07-30T11:04:23.050Z"}
{"level":"error","message":"Failed to create customer: Phone is invalid - /api/agent - POST - ::1","stack":"Error: Failed to create customer: Phone is invalid\n    at findOrCreateCustomer (C:\\Users\\BAPS\\Downloads\\shopify brige\\shopify-ai-bridge\\src\\controllers\\orderController.js:41:13)\n    at process.processTicksAndRejections (node:internal/process/task_queues:104:5)\n    at async createOrder (C:\\Users\\BAPS\\Downloads\\shopify brige\\shopify-ai-bridge\\src\\controllers\\orderController.js:53:24)\n    at async handleAction (C:\\Users\\BAPS\\Downloads\\shopify brige\\shopify-ai-bridge\\src\\controllers\\agentController.js:69:16)","timestamp":"2026-07-30T11:04:24.312Z"}
{"level":"info","message":"Server is running on port 3000","timestamp":"2026-07-30T11:05:12.567Z"}
{"level":"info","message":"POST /api/agent","timestamp":"2026-07-30T11:05:59.848Z"}
{"level":"info","message":"POST /api/agent","timestamp":"2026-07-30T11:07:20.114Z"}
{"level":"info","message":"Server is running on port 3000","timestamp":"2026-07-30T11:08:10.326Z"}
{"level":"info","message":"POST /api/agent","timestamp":"2026-07-30T11:09:13.199Z"}
{"0":{"extensions":{"argumentName":"sortKey","code":"argumentLiteralsIncompatible","typeName":"Field"},"locations":[{"column":9,"line":3}],"message":"Argument 'sortKey' on Field 'products' has an invalid value (BEST_SELLING). Expected type 'ProductSortKeys'.","path":["query SearchProducts","products","sortKey"]},"level":"error","message":"Shopify GraphQL Errors:","timestamp":"2026-07-30T11:09:13.744Z"}
{"error":"Shopify API Error: Argument 'sortKey' on Field 'products' has an invalid value (BEST_SELLING). Expected type 'ProductSortKeys'.","level":"error","message":"Shopify Request Failed","stack":"Error: Shopify API Error: Argument 'sortKey' on Field 'products' has an invalid value (BEST_SELLING). Expected type 'ProductSortKeys'.\n    at queryShopify (C:\\Users\\BAPS\\Downloads\\shopify brige\\shopify-ai-bridge\\src\\services\\shopifyService.js:18:13)\n    at process.processTicksAndRejections (node:internal/process/task_queues:104:5)\n    at async searchProducts (C:\\Users\\BAPS\\Downloads\\shopify brige\\shopify-ai-bridge\\src\\controllers\\productController.js:36:18)\n    at async handleAction (C:\\Users\\BAPS\\Downloads\\shopify brige\\shopify-ai-bridge\\src\\controllers\\agentController.js:75:16)","timestamp":"2026-07-30T11:09:13.746Z"}
{"level":"error","message":"Shopify API Error: Argument 'sortKey' on Field 'products' has an invalid value (BEST_SELLING). Expected type 'ProductSortKeys'. - /api/agent - POST - ::1","stack":"Error: Shopify API Error: Argument 'sortKey' on Field 'products' has an invalid value (BEST_SELLING). Expected type 'ProductSortKeys'.\n    at queryShopify (C:\\Users\\BAPS\\Downloads\\shopify brige\\shopify-ai-bridge\\src\\services\\shopifyService.js:18:13)\n    at process.processTicksAndRejections (node:internal/process/task_queues:104:5)\n    at async searchProducts (C:\\Users\\BAPS\\Downloads\\shopify brige\\shopify-ai-bridge\\src\\controllers\\productController.js:36:18)\n    at async handleAction (C:\\Users\\BAPS\\Downloads\\shopify brige\\shopify-ai-bridge\\src\\controllers\\agentController.js:75:16)","timestamp":"2026-07-30T11:09:13.749Z"}
{"level":"info","message":"POST /api/agent","timestamp":"2026-07-30T11:09:37.201Z"}
{"0":{"extensions":{"argumentName":"sortKey","code":"argumentLiteralsIncompatible","typeName":"Field"},"locations":[{"column":9,"line":3}],"message":"Argument 'sortKey' on Field 'products' has an invalid value (BEST_SELLING). Expected type 'ProductSortKeys'.","path":["query SearchProducts","products","sortKey"]},"level":"error","message":"Shopify GraphQL Errors:","timestamp":"2026-07-30T11:09:37.619Z"}
{"error":"Shopify API Error: Argument 'sortKey' on Field 'products' has an invalid value (BEST_SELLING). Expected type 'ProductSortKeys'.","level":"error","message":"Shopify Request Failed","stack":"Error: Shopify API Error: Argument 'sortKey' on Field 'products' has an invalid value (BEST_SELLING). Expected type 'ProductSortKeys'.\n    at queryShopify (C:\\Users\\BAPS\\Downloads\\shopify brige\\shopify-ai-bridge\\src\\services\\shopifyService.js:18:13)\n    at process.processTicksAndRejections (node:internal/process/task_queues:104:5)\n    at async searchProducts (C:\\Users\\BAPS\\Downloads\\shopify brige\\shopify-ai-bridge\\src\\controllers\\productController.js:36:18)\n    at async handleAction (C:\\Users\\BAPS\\Downloads\\shopify brige\\shopify-ai-bridge\\src\\controllers\\agentController.js:75:16)","timestamp":"2026-07-30T11:09:37.619Z"}
{"level":"error","message":"Shopify API Error: Argument 'sortKey' on Field 'products' has an invalid value (BEST_SELLING). Expected type 'ProductSortKeys'. - /api/agent - POST - ::1","stack":"Error: Shopify API Error: Argument 'sortKey' on Field 'products' has an invalid value (BEST_SELLING). Expected type 'ProductSortKeys'.\n    at queryShopify (C:\\Users\\BAPS\\Downloads\\shopify brige\\shopify-ai-bridge\\src\\services\\shopifyService.js:18:13)\n    at process.processTicksAndRejections (node:internal/process/task_queues:104:5)\n    at async searchProducts (C:\\Users\\BAPS\\Downloads\\shopify brige\\shopify-ai-bridge\\src\\controllers\\productController.js:36:18)\n    at async handleAction (C:\\Users\\BAPS\\Downloads\\shopify brige\\shopify-ai-bridge\\src\\controllers\\agentController.js:75:16)","timestamp":"2026-07-30T11:09:37.620Z"}
{"level":"info","message":"Server is running on port 3000","timestamp":"2026-07-30T11:10:11.795Z"}
{"level":"info","message":"POST /api/agent","timestamp":"2026-07-30T11:10:51.195Z"}
{"level":"info","message":"Server is running on port 3000","timestamp":"2026-07-30T11:11:47.206Z"}
{"level":"info","message":"POST /api/agent","timestamp":"2026-07-30T11:12:30.104Z"}
{"level":"info","message":"POST /api/agent","timestamp":"2026-07-30T11:13:07.134Z"}
{"level":"info","message":"POST /api/agent","timestamp":"2026-07-30T11:14:29.079Z"}
{"level":"info","message":"POST /api/agent","timestamp":"2026-07-30T11:24:45.173Z"}
{"level":"info","message":"POST /api/agent","timestamp":"2026-07-30T11:25:17.239Z"}
{"level":"info","message":"POST /api/agent","timestamp":"2026-07-30T11:26:17.366Z"}
{"level":"info","message":"POST /api/agent","timestamp":"2026-07-30T11:26:44.388Z"}
{"level":"info","message":"POST /api/agent","timestamp":"2026-07-30T11:27:25.975Z"}
{"level":"info","message":"POST /api/agent","timestamp":"2026-07-30T11:28:21.217Z"}
{"level":"info","message":"Server is running on port 3000","timestamp":"2026-07-30T11:30:16.197Z"}
{"level":"info","message":"Server is running on port 3000","timestamp":"2026-07-30T11:49:14.437Z"}
{"level":"info","message":"Server is running on port 3000","timestamp":"2026-07-30T11:49:24.783Z"}
{"level":"info","message":"Server is running on port 3000","timestamp":"2026-07-30T11:50:50.729Z"}
{"level":"info","message":"Server is running on port 3000","timestamp":"2026-07-30T11:57:00.304Z"}
{"level":"info","message":"Server is running on port 3000","timestamp":"2026-07-30T11:58:19.304Z"}
{"level":"info","message":"Server is running on port 3000","timestamp":"2026-07-30T11:58:27.953Z"}
{"level":"info","message":"Server is running on port 3000","timestamp":"2026-07-30T12:00:11.223Z"}
{"level":"info","message":"POST /api/agent","timestamp":"2026-07-30T12:00:19.937Z"}
{"level":"info","message":"Server is running on port 3000","timestamp":"2026-07-30T12:02:44.344Z"}
{"level":"info","message":"Server is running on port 3000","timestamp":"2026-07-30T12:03:54.717Z"}
{"level":"info","message":"Server is running on port 3000","timestamp":"2026-07-30T12:06:25.601Z"}
{"level":"info","message":"Server is running on port 3000","timestamp":"2026-07-30T12:27:43.877Z"}
{"level":"info","message":"Server is running on port 3000","timestamp":"2026-07-30T12:30:13.646Z"}
{"level":"info","message":"Server is running on port 3000","timestamp":"2026-07-30T12:50:09.198Z"}
{"level":"info","message":"POST /api/agent","timestamp":"2026-07-30T12:58:54.374Z"}
{"level":"info","message":"POST /api/agent","timestamp":"2026-07-30T13:00:36.161Z"}
{"level":"info","message":"POST /api/agent","timestamp":"2026-07-30T13:06:27.499Z"}
{"level":"error","message":"Cannot read properties of undefined (reading 'includes') - /api/agent - POST - ::1","stack":"TypeError: Cannot read properties of undefined (reading 'includes')\n    at C:\\Users\\BAPS\\Downloads\\shopify brige\\shopify-ai-bridge\\src\\controllers\\orderController.js:56:34\n    at Array.map (<anonymous>)\n    at createOrder (C:\\Users\\BAPS\\Downloads\\shopify brige\\shopify-ai-bridge\\src\\controllers\\orderController.js:55:29)\n    at process.processTicksAndRejections (node:internal/process/task_queues:104:5)\n    at async handleAction (C:\\Users\\BAPS\\Downloads\\shopify brige\\shopify-ai-bridge\\src\\controllers\\agentController.js:79:16)","timestamp":"2026-07-30T13:06:28.451Z"}
{"level":"info","message":"Server is running on port 3000","timestamp":"2026-07-30T13:07:30.593Z"}
{"level":"info","message":"Server is running on port 3000","timestamp":"2026-07-30T13:07:41.582Z"}
{"level":"info","message":"GET /","timestamp":"2026-07-30T16:27:46.468Z"}
{"level":"info","message":"GET /favicon.ico","timestamp":"2026-07-30T16:27:46.764Z"}
{"level":"info","message":"GET /","timestamp":"2026-07-30T16:28:35.188Z"}
{"level":"info","message":"GET /","timestamp":"2026-07-30T16:28:35.976Z"}
{"level":"info","message":"GET /favicon.ico","timestamp":"2026-07-30T16:28:36.019Z"}
{"level":"info","message":"GET /","timestamp":"2026-07-30T16:28:36.178Z"}
{"level":"info","message":"GET /favicon.ico","timestamp":"2026-07-30T16:28:36.224Z"}
{"level":"info","message":"GET /","timestamp":"2026-07-30T16:28:36.359Z"}
{"level":"info","message":"GET /favicon.ico","timestamp":"2026-07-30T16:28:36.422Z"}
{"level":"info","message":"GET /","timestamp":"2026-07-30T16:29:01.571Z"}
{"level":"info","message":"GET /favicon.ico","timestamp":"2026-07-30T16:29:01.624Z"}
{"level":"info","message":"GET /","timestamp":"2026-07-30T16:29:02.062Z"}
{"level":"info","message":"GET /favicon.ico","timestamp":"2026-07-30T16:29:02.109Z"}
{"level":"info","message":"GET /","timestamp":"2026-07-30T16:29:02.268Z"}
{"level":"info","message":"GET /favicon.ico","timestamp":"2026-07-30T16:29:02.309Z"}
{"level":"info","message":"GET /","timestamp":"2026-07-30T16:29:02.435Z"}
{"level":"info","message":"GET /favicon.ico","timestamp":"2026-07-30T16:29:02.491Z"}
{"level":"info","message":"GET /","timestamp":"2026-07-30T16:29:02.612Z"}
{"level":"info","message":"GET /favicon.ico","timestamp":"2026-07-30T16:29:02.655Z"}
{"level":"info","message":"GET /","timestamp":"2026-07-30T16:29:02.791Z"}
{"level":"info","message":"GET /favicon.ico","timestamp":"2026-07-30T16:29:02.841Z"}
{"level":"info","message":"GET /","timestamp":"2026-07-30T16:29:02.996Z"}
{"level":"info","message":"GET /favicon.ico","timestamp":"2026-07-30T16:29:03.043Z"}
{"level":"info","message":"GET /","timestamp":"2026-07-30T16:29:03.240Z"}
{"level":"info","message":"GET /favicon.ico","timestamp":"2026-07-30T16:29:03.285Z"}
{"level":"info","message":"GET /","timestamp":"2026-07-30T16:29:03.397Z"}
{"level":"info","message":"GET /favicon.ico","timestamp":"2026-07-30T16:29:03.443Z"}
{"level":"info","message":"GET /","timestamp":"2026-07-30T16:29:03.558Z"}
{"level":"info","message":"GET /favicon.ico","timestamp":"2026-07-30T16:29:03.604Z"}
{"level":"info","message":"GET /","timestamp":"2026-07-30T16:29:03.718Z"}
{"level":"info","message":"GET /favicon.ico","timestamp":"2026-07-30T16:29:03.792Z"}
{"level":"info","message":"GET /","timestamp":"2026-07-30T16:29:03.887Z"}
{"level":"info","message":"GET /favicon.ico","timestamp":"2026-07-30T16:29:03.971Z"}
{"level":"info","message":"GET /","timestamp":"2026-07-30T16:29:04.027Z"}
{"level":"info","message":"GET /favicon.ico","timestamp":"2026-07-30T16:29:04.083Z"}
{"level":"info","message":"GET /","timestamp":"2026-07-30T16:29:04.235Z"}
{"level":"info","message":"GET /favicon.ico","timestamp":"2026-07-30T16:29:04.284Z"}
{"level":"info","message":"GET /","timestamp":"2026-07-30T16:29:04.426Z"}
{"level":"info","message":"GET /favicon.ico","timestamp":"2026-07-30T16:29:04.476Z"}
{"level":"info","message":"Server is running on port 3000","timestamp":"2026-07-31T13:04:46.093Z"}
{"level":"info","message":"Server is running on port 3000","timestamp":"2026-07-31T13:06:49.714Z"}
{"level":"info","message":"POST /api/agent","timestamp":"2026-07-31T13:12:06.315Z"}
{"error":"Request failed with status code 404","level":"error","message":"Shopify Request Failed","stack":"AxiosError: Request failed with status code 404\n    at settle (C:\\Users\\BAPS\\Downloads\\shopify brige\\shopify-ai-bridge\\node_modules\\axios\\dist\\node\\axios.cjs:2354:12)\n    at Unzip.handleStreamEnd (C:\\Users\\BAPS\\Downloads\\shopify brige\\shopify-ai-bridge\\node_modules\\axios\\dist\\node\\axios.cjs:4407:11)\n    at Unzip.emit (node:events:508:28)\n    at endReadableNT (node:internal/streams/readable:1729:12)\n    at process.processTicksAndRejections (node:internal/process/task_queues:90:21)\n    at Axios.request (C:\\Users\\BAPS\\Downloads\\shopify brige\\shopify-ai-bridge\\node_modules\\axios\\dist\\node\\axios.cjs:5864:41)\n    at process.processTicksAndRejections (node:internal/process/task_queues:104:5)\n    at async queryShopify (C:\\Users\\BAPS\\Downloads\\shopify brige\\shopify-ai-bridge\\src\\services\\shopifyService.js:15:22)\n    at async searchProducts (C:\\Users\\BAPS\\Downloads\\shopify brige\\shopify-ai-bridge\\src\\controllers\\productController.js:39:18)\n    at async handleAction (C:\\Users\\BAPS\\Downloads\\shopify brige\\shopify-ai-bridge\\src\\controllers\\agentController.js:75:16)","timestamp":"2026-07-31T13:12:07.542Z"}
{"level":"error","message":"Request failed with status code 404 - /api/agent - POST - ::1","stack":"AxiosError: Request failed with status code 404\n    at settle (C:\\Users\\BAPS\\Downloads\\shopify brige\\shopify-ai-bridge\\node_modules\\axios\\dist\\node\\axios.cjs:2354:12)\n    at Unzip.handleStreamEnd (C:\\Users\\BAPS\\Downloads\\shopify brige\\shopify-ai-bridge\\node_modules\\axios\\dist\\node\\axios.cjs:4407:11)\n    at Unzip.emit (node:events:508:28)\n    at endReadableNT (node:internal/streams/readable:1729:12)\n    at process.processTicksAndRejections (node:internal/process/task_queues:90:21)\n    at Axios.request (C:\\Users\\BAPS\\Downloads\\shopify brige\\shopify-ai-bridge\\node_modules\\axios\\dist\\node\\axios.cjs:5864:41)\n    at process.processTicksAndRejections (node:internal/process/task_queues:104:5)\n    at async queryShopify (C:\\Users\\BAPS\\Downloads\\shopify brige\\shopify-ai-bridge\\src\\services\\shopifyService.js:15:22)\n    at async searchProducts (C:\\Users\\BAPS\\Downloads\\shopify brige\\shopify-ai-bridge\\src\\controllers\\productController.js:39:18)\n    at async handleAction (C:\\Users\\BAPS\\Downloads\\shopify brige\\shopify-ai-bridge\\src\\controllers\\agentController.js:75:16)","timestamp":"2026-07-31T13:12:07.544Z"}
{"level":"info","message":"Server is running on port 3000","timestamp":"2026-07-31T13:16:15.554Z"}
{"level":"info","message":"POST /api/agent","timestamp":"2026-07-31T13:17:01.271Z"}
{"level":"info","message":"POST /api/agent","timestamp":"2026-07-31T13:26:14.565Z"}
{"level":"info","message":"POST /api/agent","timestamp":"2026-07-31T13:31:12.996Z"}
{"level":"info","message":"POST /api/agent","timestamp":"2026-07-31T13:44:38.351Z"}
{"level":"info","message":"POST /api/agent","timestamp":"2026-07-31T13:45:26.784Z"}
{"level":"info","message":"POST /api/agent","timestamp":"2026-07-31T13:46:00.787Z"}
{"level":"info","message":"Server is running on port 3000","timestamp":"2026-07-31T13:50:47.309Z"}
{"level":"info","message":"Server is running on port 3000","timestamp":"2026-07-31T13:51:07.785Z"}
{"level":"info","message":"Server is running on port 3000","timestamp":"2026-07-31T13:51:25.450Z"}
{"level":"info","message":"Server is running on port 3000","timestamp":"2026-07-31T13:51:49.281Z"}
{"level":"info","message":"Server is running on port 3000","timestamp":"2026-07-31T13:52:21.898Z"}
{"level":"info","message":"Server is running on port 3000","timestamp":"2026-07-31T13:52:34.884Z"}
{"level":"info","message":"Server is running on port 3000","timestamp":"2026-08-24T06:46:37.458Z"}
{"level":"info","message":"GET /favicon.ico","timestamp":"2026-08-24T06:46:38.521Z"}
{"level":"info","message":"GET /favicon.ico","timestamp":"2026-08-24T06:48:02.148Z"}
{"level":"info","message":"POST /api/smallest","timestamp":"2026-08-24T06:48:07.158Z"}
{"level":"info","message":"GET /favicon.ico","timestamp":"2026-08-24T06:50:32.205Z"}
{"level":"info","message":"GET /favicon.ico","timestamp":"2026-08-24T06:50:36.101Z"}
{"level":"info","message":"GET /favicon.ico","timestamp":"2026-08-24T06:51:47.891Z"}
{"level":"info","message":"POST /api/smallest","timestamp":"2026-08-24T06:52:15.719Z"}
{"level":"info","message":"POST /api/smallest","timestamp":"2026-08-24T06:52:36.883Z"}
{"level":"info","message":"GET /favicon.ico","timestamp":"2026-08-24T06:54:07.213Z"}
{"level":"info","message":"GET /favicon.ico","timestamp":"2026-08-24T06:55:22.157Z"}
{"level":"info","message":"GET /favicon.ico","timestamp":"2026-08-24T06:55:31.146Z"}
{"level":"info","message":"POST /api/smallest","timestamp":"2026-08-24T06:55:51.280Z"}
{"level":"info","message":"GET /WhatsApp%20Image%202026-07-07%20at%202.54.41%20AM.jpeg","timestamp":"2026-08-24T06:58:36.091Z"}
{"level":"info","message":"GET /think_and_create.jpeg","timestamp":"2026-08-24T06:58:36.112Z"}
{"level":"info","message":"GET /feature_holistic_new2.jpeg","timestamp":"2026-08-24T06:58:36.123Z"}
{"level":"info","message":"GET /global_perspective.jpeg","timestamp":"2026-08-24T06:58:36.675Z"}
{"level":"info","message":"GET /modern_learning.jpeg","timestamp":"2026-08-24T06:58:36.676Z"}
{"level":"info","message":"GET /about_us.jpeg","timestamp":"2026-08-24T06:58:36.681Z"}
{"level":"info","message":"GET /dance_video_thumbnail.jpg","timestamp":"2026-08-24T06:58:36.689Z"}
{"level":"info","message":"GET /foundation_academic.png","timestamp":"2026-08-24T06:58:36.690Z"}
{"level":"info","message":"GET /foundation_global.png","timestamp":"2026-08-24T06:58:36.739Z"}
{"level":"info","message":"GET /foundation_future.jpeg","timestamp":"2026-08-24T06:58:36.740Z"}
{"level":"info","message":"GET /_next/webpack-hmr?id=ChrNJEA2LYv83Dynt9s05","timestamp":"2026-08-24T06:58:37.166Z"}
{"level":"info","message":"GET /favicon.ico?favicon.0jr4xzgyf_59t.ico","timestamp":"2026-08-24T06:58:37.557Z"}
{"level":"info","message":"GET /_next/webpack-hmr?id=ChrNJEA2LYv83Dynt9s05","timestamp":"2026-08-24T06:58:39.247Z"}
{"level":"info","message":"GET /_next/webpack-hmr?id=ChrNJEA2LYv83Dynt9s05","timestamp":"2026-08-24T06:59:21.235Z"}
{"level":"info","message":"GET /WhatsApp%20Image%202026-07-07%20at%202.55.05%20AM.jpeg","timestamp":"2026-08-24T06:59:21.251Z"}
{"level":"info","message":"GET /_next/webpack-hmr?id=ChrNJEA2LYv83Dynt9s05","timestamp":"2026-08-24T06:59:23.239Z"}
{"level":"info","message":"GET /WhatsApp%20Image%202026-07-07%20at%202.55.18%20AM.jpeg","timestamp":"2026-08-24T06:59:23.243Z"}
{"level":"info","message":"GET /_next/webpack-hmr?id=ChrNJEA2LYv83Dynt9s05","timestamp":"2026-08-24T06:59:25.240Z"}
{"level":"info","message":"GET /_next/webpack-hmr?id=ChrNJEA2LYv83Dynt9s05","timestamp":"2026-08-24T07:00:21.242Z"}
{"level":"info","message":"GET /WhatsApp%20Image%202026-07-14%20at%204.11.10%20AM.jpeg","timestamp":"2026-08-24T07:00:21.258Z"}
{"level":"info","message":"GET /WhatsApp%20Image%202026-07-07%20at%202.55.33%20AM.jpeg","timestamp":"2026-08-24T07:00:23.258Z"}
{"level":"info","message":"GET /_next/webpack-hmr?id=ChrNJEA2LYv83Dynt9s05","timestamp":"2026-08-24T07:01:21.245Z"}
{"level":"info","message":"GET /WhatsApp%20Image%202026-07-07%20at%202.55.53%20AM.jpeg","timestamp":"2026-08-24T07:01:21.258Z"}
{"level":"info","message":"GET /WhatsApp%20Image%202026-07-07%20at%202.54.41%20AM.jpeg","timestamp":"2026-08-24T07:01:23.275Z"}
{"level":"info","message":"GET /_next/webpack-hmr?id=ChrNJEA2LYv83Dynt9s05","timestamp":"2026-08-24T07:02:21.257Z"}
{"level":"info","message":"GET /WhatsApp%20Image%202026-07-07%20at%202.55.05%20AM.jpeg","timestamp":"2026-08-24T07:02:21.273Z"}
{"level":"info","message":"GET /WhatsApp%20Image%202026-07-07%20at%202.55.18%20AM.jpeg","timestamp":"2026-08-24T07:02:24.238Z"}
{"level":"info","message":"GET /_next/webpack-hmr?id=ChrNJEA2LYv83Dynt9s05","timestamp":"2026-08-24T07:03:21.235Z"}
{"level":"info","message":"GET /WhatsApp%20Image%202026-07-14%20at%204.11.10%20AM.jpeg","timestamp":"2026-08-24T07:03:24.240Z"}
{"level":"info","message":"GET /_next/webpack-hmr?id=ChrNJEA2LYv83Dynt9s05","timestamp":"2026-08-24T07:04:21.239Z"}
{"level":"info","message":"GET /WhatsApp%20Image%202026-07-07%20at%202.55.33%20AM.jpeg","timestamp":"2026-08-24T07:04:24.239Z"}
{"level":"info","message":"GET /_next/webpack-hmr?id=ChrNJEA2LYv83Dynt9s05","timestamp":"2026-08-24T07:05:21.231Z"}
{"level":"info","message":"GET /WhatsApp%20Image%202026-07-07%20at%202.55.53%20AM.jpeg","timestamp":"2026-08-24T07:05:24.247Z"}
{"level":"info","message":"GET /_next/webpack-hmr?id=ChrNJEA2LYv83Dynt9s05","timestamp":"2026-08-24T07:06:21.241Z"}
{"level":"info","message":"GET /WhatsApp%20Image%202026-07-07%20at%202.54.41%20AM.jpeg","timestamp":"2026-08-24T07:06:24.241Z"}
{"level":"info","message":"GET /_next/webpack-hmr?id=ChrNJEA2LYv83Dynt9s05","timestamp":"2026-08-24T07:07:21.228Z"}
{"level":"info","message":"GET /favicon.ico","timestamp":"2026-08-24T07:07:21.539Z"}
{"level":"info","message":"Server is running on port 3000","timestamp":"2026-08-24T07:07:31.473Z"}
{"level":"info","message":"Server is running on port 3000","timestamp":"2026-08-24T07:07:43.186Z"}
{"level":"info","message":"Server is running on port 3000","timestamp":"2026-08-24T07:08:03.567Z"}
{"level":"info","message":"Server is running on port 3000","timestamp":"2026-08-24T07:08:05.513Z"}
{"level":"info","message":"GET /favicon.ico","timestamp":"2026-08-24T07:08:09.665Z"}
{"level":"info","message":"GET /favicon.ico","timestamp":"2026-08-24T07:08:19.005Z"}
{"level":"info","message":"Server is running on port 3000","timestamp":"2026-08-24T07:08:31.970Z"}
{"level":"info","message":"GET /favicon.ico","timestamp":"2026-08-24T07:08:37.223Z"}
{"level":"info","message":"GET /favicon.ico","timestamp":"2026-08-24T07:08:42.376Z"}
{"level":"info","message":"POST /api/chat","timestamp":"2026-08-24T07:09:21.328Z"}
{"level":"error","message":"404 {\"error\":{\"message\":\"The model `llama-3.3-70b-versatile` does not exist or you do not have access to it.\",\"type\":\"invalid_request_error\",\"code\":\"model_not_found\"}} - /api/chat - POST - ::1","stack":"Error: 404 {\"error\":{\"message\":\"The model `llama-3.3-70b-versatile` does not exist or you do not have access to it.\",\"type\":\"invalid_request_error\",\"code\":\"model_not_found\"}}\n    at APIError.generate (C:\\Users\\BAPS\\Downloads\\shopify brige\\shopify-ai-bridge\\node_modules\\groq-sdk\\core\\error.js:49:20)\n    at Groq.makeStatusError (C:\\Users\\BAPS\\Downloads\\shopify brige\\shopify-ai-bridge\\node_modules\\groq-sdk\\client.js:138:32)\n    at Groq.makeRequest (C:\\Users\\BAPS\\Downloads\\shopify brige\\shopify-ai-bridge\\node_modules\\groq-sdk\\client.js:280:30)\n    at process.processTicksAndRejections (node:internal/process/task_queues:104:5)\n    at async processChat (C:\\Users\\BAPS\\Downloads\\shopify brige\\shopify-ai-bridge\\src\\services\\llmService.js:44:18)\n    at async handleChat (C:\\Users\\BAPS\\Downloads\\shopify brige\\shopify-ai-bridge\\src\\controllers\\chatController.js:12:20)","timestamp":"2026-08-24T07:09:21.490Z"}
{"level":"info","message":"Server is running on port 3000","timestamp":"2026-08-24T07:10:06.118Z"}
{"level":"info","message":"GET /favicon.ico","timestamp":"2026-08-24T07:10:09.444Z"}
{"level":"info","message":"GET /favicon.ico","timestamp":"2026-08-24T07:10:17.477Z"}
{"level":"info","message":"POST /api/chat","timestamp":"2026-08-24T07:10:20.779Z"}
{"level":"error","message":"400 {\"error\":{\"message\":\"The model `llama-3.1-70b-versatile` has been decommissioned and is no longer supported. Please refer to https://console.groq.com/docs/deprecations for a recommendation on which model to use instead.\",\"type\":\"invalid_request_error\",\"code\":\"model_decommissioned\"}} - /api/chat - POST - ::1","stack":"Error: 400 {\"error\":{\"message\":\"The model `llama-3.1-70b-versatile` has been decommissioned and is no longer supported. Please refer to https://console.groq.com/docs/deprecations for a recommendation on which model to use instead.\",\"type\":\"invalid_request_error\",\"code\":\"model_decommissioned\"}}\n    at APIError.generate (C:\\Users\\BAPS\\Downloads\\shopify brige\\shopify-ai-bridge\\node_modules\\groq-sdk\\core\\error.js:40:20)\n    at Groq.makeStatusError (C:\\Users\\BAPS\\Downloads\\shopify brige\\shopify-ai-bridge\\node_modules\\groq-sdk\\client.js:138:32)\n    at Groq.makeRequest (C:\\Users\\BAPS\\Downloads\\shopify brige\\shopify-ai-bridge\\node_modules\\groq-sdk\\client.js:280:30)\n    at process.processTicksAndRejections (node:internal/process/task_queues:104:5)\n    at async processChat (C:\\Users\\BAPS\\Downloads\\shopify brige\\shopify-ai-bridge\\src\\services\\llmService.js:44:18)\n    at async handleChat (C:\\Users\\BAPS\\Downloads\\shopify brige\\shopify-ai-bridge\\src\\controllers\\chatController.js:12:20)","timestamp":"2026-08-24T07:10:20.898Z"}
{"level":"info","message":"POST /api/chat","timestamp":"2026-08-24T07:10:24.228Z"}
{"level":"error","message":"400 {\"error\":{\"message\":\"The model `llama-3.1-70b-versatile` has been decommissioned and is no longer supported. Please refer to https://console.groq.com/docs/deprecations for a recommendation on which model to use instead.\",\"type\":\"invalid_request_error\",\"code\":\"model_decommissioned\"}} - /api/chat - POST - ::1","stack":"Error: 400 {\"error\":{\"message\":\"The model `llama-3.1-70b-versatile` has been decommissioned and is no longer supported. Please refer to https://console.groq.com/docs/deprecations for a recommendation on which model to use instead.\",\"type\":\"invalid_request_error\",\"code\":\"model_decommissioned\"}}\n    at APIError.generate (C:\\Users\\BAPS\\Downloads\\shopify brige\\shopify-ai-bridge\\node_modules\\groq-sdk\\core\\error.js:40:20)\n    at Groq.makeStatusError (C:\\Users\\BAPS\\Downloads\\shopify brige\\shopify-ai-bridge\\node_modules\\groq-sdk\\client.js:138:32)\n    at Groq.makeRequest (C:\\Users\\BAPS\\Downloads\\shopify brige\\shopify-ai-bridge\\node_modules\\groq-sdk\\client.js:280:30)\n    at process.processTicksAndRejections (node:internal/process/task_queues:104:5)\n    at async processChat (C:\\Users\\BAPS\\Downloads\\shopify brige\\shopify-ai-bridge\\src\\services\\llmService.js:44:18)\n    at async handleChat (C:\\Users\\BAPS\\Downloads\\shopify brige\\shopify-ai-bridge\\src\\controllers\\chatController.js:12:20)","timestamp":"2026-08-24T07:10:24.263Z"}
{"level":"info","message":"GET /favicon.ico","timestamp":"2026-08-24T07:10:25.786Z"}
{"level":"info","message":"POST /api/chat","timestamp":"2026-08-24T07:10:27.862Z"}
{"level":"error","message":"400 {\"error\":{\"message\":\"The model `llama-3.1-70b-versatile` has been decommissioned and is no longer supported. Please refer to https://console.groq.com/docs/deprecations for a recommendation on which model to use instead.\",\"type\":\"invalid_request_error\",\"code\":\"model_decommissioned\"}} - /api/chat - POST - ::1","stack":"Error: 400 {\"error\":{\"message\":\"The model `llama-3.1-70b-versatile` has been decommissioned and is no longer supported. Please refer to https://console.groq.com/docs/deprecations for a recommendation on which model to use instead.\",\"type\":\"invalid_request_error\",\"code\":\"model_decommissioned\"}}\n    at APIError.generate (C:\\Users\\BAPS\\Downloads\\shopify brige\\shopify-ai-bridge\\node_modules\\groq-sdk\\core\\error.js:40:20)\n    at Groq.makeStatusError (C:\\Users\\BAPS\\Downloads\\shopify brige\\shopify-ai-bridge\\node_modules\\groq-sdk\\client.js:138:32)\n    at Groq.makeRequest (C:\\Users\\BAPS\\Downloads\\shopify brige\\shopify-ai-bridge\\node_modules\\groq-sdk\\client.js:280:30)\n    at process.processTicksAndRejections (node:internal/process/task_queues:104:5)\n    at async processChat (C:\\Users\\BAPS\\Downloads\\shopify brige\\shopify-ai-bridge\\src\\services\\llmService.js:44:18)\n    at async handleChat (C:\\Users\\BAPS\\Downloads\\shopify brige\\shopify-ai-bridge\\src\\controllers\\chatController.js:12:20)","timestamp":"2026-08-24T07:10:27.906Z"}
{"level":"info","message":"Server is running on port 3000","timestamp":"2026-08-24T07:11:11.723Z"}
{"level":"info","message":"POST /api/chat","timestamp":"2026-08-24T07:11:22.150Z"}
{"level":"error","message":"400 {\"error\":{\"message\":\"The model `llama3-8b-8192` has been decommissioned and is no longer supported. Please refer to https://console.groq.com/docs/deprecations for a recommendation on which model to use instead.\",\"type\":\"invalid_request_error\",\"code\":\"model_decommissioned\"}} - /api/chat - POST - ::1","stack":"Error: 400 {\"error\":{\"message\":\"The model `llama3-8b-8192` has been decommissioned and is no longer supported. Please refer to https://console.groq.com/docs/deprecations for a recommendation on which model to use instead.\",\"type\":\"invalid_request_error\",\"code\":\"model_decommissioned\"}}\n    at APIError.generate (C:\\Users\\BAPS\\Downloads\\shopify brige\\shopify-ai-bridge\\node_modules\\groq-sdk\\core\\error.js:40:20)\n    at Groq.makeStatusError (C:\\Users\\BAPS\\Downloads\\shopify brige\\shopify-ai-bridge\\node_modules\\groq-sdk\\client.js:138:32)\n    at Groq.makeRequest (C:\\Users\\BAPS\\Downloads\\shopify brige\\shopify-ai-bridge\\node_modules\\groq-sdk\\client.js:280:30)\n    at process.processTicksAndRejections (node:internal/process/task_queues:104:5)\n    at async processChat (C:\\Users\\BAPS\\Downloads\\shopify brige\\shopify-ai-bridge\\src\\services\\llmService.js:44:18)\n    at async handleChat (C:\\Users\\BAPS\\Downloads\\shopify brige\\shopify-ai-bridge\\src\\controllers\\chatController.js:12:20)","timestamp":"2026-08-24T07:11:22.281Z"}
{"level":"info","message":"GET /favicon.ico","timestamp":"2026-08-24T07:11:26.255Z"}
{"level":"info","message":"POST /api/chat","timestamp":"2026-08-24T07:11:29.579Z"}
{"level":"error","message":"400 {\"error\":{\"message\":\"The model `llama3-8b-8192` has been decommissioned and is no longer supported. Please refer to https://console.groq.com/docs/deprecations for a recommendation on which model to use instead.\",\"type\":\"invalid_request_error\",\"code\":\"model_decommissioned\"}} - /api/chat - POST - ::1","stack":"Error: 400 {\"error\":{\"message\":\"The model `llama3-8b-8192` has been decommissioned and is no longer supported. Please refer to https://console.groq.com/docs/deprecations for a recommendation on which model to use instead.\",\"type\":\"invalid_request_error\",\"code\":\"model_decommissioned\"}}\n    at APIError.generate (C:\\Users\\BAPS\\Downloads\\shopify brige\\shopify-ai-bridge\\node_modules\\groq-sdk\\core\\error.js:40:20)\n    at Groq.makeStatusError (C:\\Users\\BAPS\\Downloads\\shopify brige\\shopify-ai-bridge\\node_modules\\groq-sdk\\client.js:138:32)\n    at Groq.makeRequest (C:\\Users\\BAPS\\Downloads\\shopify brige\\shopify-ai-bridge\\node_modules\\groq-sdk\\client.js:280:30)\n    at process.processTicksAndRejections (node:internal/process/task_queues:104:5)\n    at async processChat (C:\\Users\\BAPS\\Downloads\\shopify brige\\shopify-ai-bridge\\src\\services\\llmService.js:44:18)\n    at async handleChat (C:\\Users\\BAPS\\Downloads\\shopify brige\\shopify-ai-bridge\\src\\controllers\\chatController.js:12:20)","timestamp":"2026-08-24T07:11:29.659Z"}
{"level":"info","message":"Server is running on port 3000","timestamp":"2026-08-24T07:12:34.943Z"}
{"level":"info","message":"GET /favicon.ico","timestamp":"2026-08-24T07:12:47.357Z"}
{"level":"info","message":"POST /api/chat","timestamp":"2026-08-24T07:12:50.965Z"}
{"level":"info","message":"GET /favicon.ico","timestamp":"2026-08-24T07:12:53.549Z"}
{"level":"info","message":"POST /api/chat","timestamp":"2026-08-24T07:13:16.478Z"}
{"level":"info","message":"Server is running on port 3000","timestamp":"2026-08-24T07:14:11.632Z"}
{"level":"info","message":"GET /favicon.ico","timestamp":"2026-08-24T07:14:33.228Z"}
{"level":"info","message":"POST /api/chat","timestamp":"2026-08-24T07:14:35.854Z"}
{"level":"info","message":"GET /favicon.ico","timestamp":"2026-08-24T07:14:37.875Z"}
{"level":"info","message":"POST /api/chat","timestamp":"2026-08-24T07:14:51.002Z"}
{"level":"info","message":"GET /favicon.ico","timestamp":"2026-08-24T07:16:17.823Z"}
{"level":"info","message":"POST /api/chat","timestamp":"2026-08-24T07:16:19.971Z"}
{"level":"info","message":"GET /favicon.ico","timestamp":"2026-08-24T07:16:22.552Z"}
{"level":"info","message":"GET /favicon.ico","timestamp":"2026-08-24T07:17:18.241Z"}
{"level":"info","message":"POST /api/chat","timestamp":"2026-08-24T07:17:23.555Z"}
{"level":"info","message":"POST /api/chat","timestamp":"2026-08-24T07:17:44.614Z"}
{"level":"info","message":"GET /favicon.ico","timestamp":"2026-08-24T07:18:24.892Z"}
{"level":"info","message":"POST /api/chat","timestamp":"2026-08-24T07:18:27.306Z"}
{"level":"info","message":"GET /favicon.ico","timestamp":"2026-08-24T07:18:30.117Z"}
{"level":"info","message":"Server is running on port 3000","timestamp":"2026-08-24T07:19:20.940Z"}
{"level":"info","message":"Server is running on port 3000","timestamp":"2026-08-24T07:19:22.840Z"}
{"level":"info","message":"Server is running on port 3000","timestamp":"2026-08-24T07:19:39.242Z"}
{"level":"info","message":"GET /favicon.ico","timestamp":"2026-08-24T07:19:43.636Z"}
{"level":"info","message":"POST /api/chat","timestamp":"2026-08-24T07:19:55.187Z"}
{"level":"info","message":"GET /favicon.ico","timestamp":"2026-08-24T07:19:58.931Z"}
{"level":"info","message":"Server is running on port 3000","timestamp":"2026-08-24T07:20:45.261Z"}
{"level":"info","message":"POST /api/chat","timestamp":"2026-08-24T07:20:55.215Z"}
{"level":"info","message":"GET /favicon.ico","timestamp":"2026-08-24T07:21:19.647Z"}
{"level":"info","message":"POST /api/chat","timestamp":"2026-08-24T07:21:22.433Z"}
{"level":"info","message":"GET /favicon.ico","timestamp":"2026-08-24T07:21:24.423Z"}
{"level":"info","message":"POST /api/chat","timestamp":"2026-08-24T07:21:43.225Z"}
{"level":"info","message":"Server is running on port 3000","timestamp":"2026-08-24T07:22:33.721Z"}
{"level":"info","message":"GET /favicon.ico","timestamp":"2026-08-24T07:22:51.535Z"}
{"level":"info","message":"POST /api/chat","timestamp":"2026-08-24T07:22:53.485Z"}
{"level":"info","message":"GET /favicon.ico","timestamp":"2026-08-24T07:22:55.732Z"}
{"level":"info","message":"POST /api/chat","timestamp":"2026-08-24T07:23:16.228Z"}
{"level":"info","message":"Server is running on port 3000","timestamp":"2026-08-24T07:24:50.733Z"}
{"level":"info","message":"Server is running on port 3000","timestamp":"2026-08-24T07:25:30.831Z"}
{"level":"info","message":"GET /favicon.ico","timestamp":"2026-08-24T07:25:42.750Z"}
{"level":"info","message":"POST /api/chat","timestamp":"2026-08-24T07:25:45.597Z"}
{"level":"info","message":"GET /favicon.ico","timestamp":"2026-08-24T07:25:47.470Z"}
{"level":"info","message":"POST /api/chat","timestamp":"2026-08-24T07:26:21.162Z"}
{"level":"info","message":"Server is running on port 3000","timestamp":"2026-08-24T07:27:13.302Z"}
{"level":"info","message":"GET /favicon.ico","timestamp":"2026-08-24T07:28:03.773Z"}
{"level":"info","message":"POST /api/chat","timestamp":"2026-08-24T07:28:05.631Z"}
{"level":"info","message":"GET /favicon.ico","timestamp":"2026-08-24T07:28:07.360Z"}
{"level":"info","message":"POST /api/chat","timestamp":"2026-08-24T07:28:19.804Z"}
{"level":"info","message":"POST /api/chat","timestamp":"2026-08-24T07:28:57.077Z"}
{"level":"info","message":"POST /api/chat","timestamp":"2026-08-24T07:29:38.165Z"}
{"level":"info","message":"GET /favicon.ico","timestamp":"2026-08-24T07:29:51.817Z"}
{"level":"info","message":"POST /api/chat","timestamp":"2026-08-24T07:29:57.671Z"}
{"level":"info","message":"GET /favicon.ico","timestamp":"2026-08-24T07:29:59.100Z"}
{"level":"info","message":"GET /favicon.ico","timestamp":"2026-08-24T07:30:09.035Z"}
{"level":"info","message":"POST /api/chat","timestamp":"2026-08-24T07:31:09.459Z"}
{"level":"info","message":"GET /favicon.ico","timestamp":"2026-08-24T07:31:11.182Z"}
{"level":"info","message":"POST /api/chat","timestamp":"2026-08-24T07:31:28.589Z"}
{"level":"info","message":"POST /api/chat","timestamp":"2026-08-24T07:31:49.763Z"}
{"level":"info","message":"POST /api/chat","timestamp":"2026-08-24T07:32:35.484Z"}
{"level":"info","message":"Server is running on port 3000","timestamp":"2026-08-24T07:46:58.546Z"}
{"level":"info","message":"Server is running on port 3000","timestamp":"2026-08-24T07:49:04.931Z"}
{"level":"info","message":"POST /api/chat","timestamp":"2026-08-24T07:54:47.211Z"}
{"level":"info","message":"POST /api/chat","timestamp":"2026-08-24T07:55:19.284Z"}
{"level":"info","message":"POST /api/chat","timestamp":"2026-08-24T08:38:18.402Z"}
{"level":"info","message":"POST /api/chat","timestamp":"2026-08-24T08:44:32.126Z"}
{"level":"info","message":"POST /api/chat","timestamp":"2026-08-24T08:54:56.482Z"}
{"level":"info","message":"POST /api/chat","timestamp":"2026-08-24T08:57:19.602Z"}
{"level":"info","message":"POST /api/chat","timestamp":"2026-08-24T08:57:51.046Z"}
{"level":"info","message":"POST /api/chat","timestamp":"2026-08-24T08:58:13.112Z"}
{"level":"info","message":"POST /api/chat","timestamp":"2026-08-24T08:58:34.241Z"}
{"level":"info","message":"POST /api/chat","timestamp":"2026-08-24T08:59:01.234Z"}
{"level":"info","message":"POST /api/chat","timestamp":"2026-08-24T08:59:37.336Z"}
{"level":"info","message":"POST /api/chat","timestamp":"2026-08-24T08:59:53.558Z"}
{"level":"info","message":"POST /api/chat","timestamp":"2026-08-24T09:00:24.318Z"}
{"level":"info","message":"POST /api/chat","timestamp":"2026-08-24T09:06:26.449Z"}
{"level":"info","message":"POST /api/chat","timestamp":"2026-08-24T09:06:42.370Z"}
{"level":"info","message":"Server is running on port 3000","timestamp":"2026-08-24T09:11:54.248Z"}
{"level":"info","message":"Server is running on port 3000","timestamp":"2026-08-24T09:11:55.930Z"}
{"level":"info","message":"POST /api/chat","timestamp":"2026-08-24T09:15:01.783Z"}
{"level":"error","message":"404 {\"error\":{\"message\":\"The model `llama-3.1-8b-instant` does not exist or you do not have access to it.\",\"type\":\"invalid_request_error\",\"code\":\"model_not_found\"}} - /api/chat - POST - ::1","stack":"Error: 404 {\"error\":{\"message\":\"The model `llama-3.1-8b-instant` does not exist or you do not have access to it.\",\"type\":\"invalid_request_error\",\"code\":\"model_not_found\"}}\n    at APIError.generate (C:\\Users\\BAPS\\Downloads\\shopify brige\\shopify-ai-bridge\\node_modules\\groq-sdk\\core\\error.js:49:20)\n    at Groq.makeStatusError (C:\\Users\\BAPS\\Downloads\\shopify brige\\shopify-ai-bridge\\node_modules\\groq-sdk\\client.js:138:32)\n    at Groq.makeRequest (C:\\Users\\BAPS\\Downloads\\shopify brige\\shopify-ai-bridge\\node_modules\\groq-sdk\\client.js:280:30)\n    at process.processTicksAndRejections (node:internal/process/task_queues:104:5)\n    at async processChat (C:\\Users\\BAPS\\Downloads\\shopify brige\\shopify-ai-bridge\\src\\services\\llmService.js:54:18)\n    at async handleChat (C:\\Users\\BAPS\\Downloads\\shopify brige\\shopify-ai-bridge\\src\\controllers\\chatController.js:12:20)","timestamp":"2026-08-24T09:15:01.963Z"}
{"level":"info","message":"POST /api/chat","timestamp":"2026-08-24T09:15:10.225Z"}
{"level":"error","message":"404 {\"error\":{\"message\":\"The model `llama-3.1-8b-instant` does not exist or you do not have access to it.\",\"type\":\"invalid_request_error\",\"code\":\"model_not_found\"}} - /api/chat - POST - ::1","stack":"Error: 404 {\"error\":{\"message\":\"The model `llama-3.1-8b-instant` does not exist or you do not have access to it.\",\"type\":\"invalid_request_error\",\"code\":\"model_not_found\"}}\n    at APIError.generate (C:\\Users\\BAPS\\Downloads\\shopify brige\\shopify-ai-bridge\\node_modules\\groq-sdk\\core\\error.js:49:20)\n    at Groq.makeStatusError (C:\\Users\\BAPS\\Downloads\\shopify brige\\shopify-ai-bridge\\node_modules\\groq-sdk\\client.js:138:32)\n    at Groq.makeRequest (C:\\Users\\BAPS\\Downloads\\shopify brige\\shopify-ai-bridge\\node_modules\\groq-sdk\\client.js:280:30)\n    at process.processTicksAndRejections (node:internal/process/task_queues:104:5)\n    at async processChat (C:\\Users\\BAPS\\Downloads\\shopify brige\\shopify-ai-bridge\\src\\services\\llmService.js:54:18)\n    at async handleChat (C:\\Users\\BAPS\\Downloads\\shopify brige\\shopify-ai-bridge\\src\\controllers\\chatController.js:12:20)","timestamp":"2026-08-24T09:15:10.306Z"}
{"level":"info","message":"GET /favicon.ico","timestamp":"2026-08-24T09:15:22.056Z"}
{"level":"info","message":"POST /api/chat","timestamp":"2026-08-24T09:15:24.339Z"}
{"level":"error","message":"404 {\"error\":{\"message\":\"The model `llama-3.1-8b-instant` does not exist or you do not have access to it.\",\"type\":\"invalid_request_error\",\"code\":\"model_not_found\"}} - /api/chat - POST - ::1","stack":"Error: 404 {\"error\":{\"message\":\"The model `llama-3.1-8b-instant` does not exist or you do not have access to it.\",\"type\":\"invalid_request_error\",\"code\":\"model_not_found\"}}\n    at APIError.generate (C:\\Users\\BAPS\\Downloads\\shopify brige\\shopify-ai-bridge\\node_modules\\groq-sdk\\core\\error.js:49:20)\n    at Groq.makeStatusError (C:\\Users\\BAPS\\Downloads\\shopify brige\\shopify-ai-bridge\\node_modules\\groq-sdk\\client.js:138:32)\n    at Groq.makeRequest (C:\\Users\\BAPS\\Downloads\\shopify brige\\shopify-ai-bridge\\node_modules\\groq-sdk\\client.js:280:30)\n    at process.processTicksAndRejections (node:internal/process/task_queues:104:5)\n    at async processChat (C:\\Users\\BAPS\\Downloads\\shopify brige\\shopify-ai-bridge\\src\\services\\llmService.js:54:18)\n    at async handleChat (C:\\Users\\BAPS\\Downloads\\shopify brige\\shopify-ai-bridge\\src\\controllers\\chatController.js:12:20)","timestamp":"2026-08-24T09:15:24.415Z"}
{"level":"info","message":"Server is running on port 3000","timestamp":"2026-08-24T09:16:23.471Z"}
{"level":"info","message":"Server is running on port 3000","timestamp":"2026-08-24T09:16:25.505Z"}
{"level":"info","message":"POST /api/chat","timestamp":"2026-08-24T09:17:41.829Z"}
{"level":"info","message":"GET /favicon.ico","timestamp":"2026-08-24T09:17:43.877Z"}
{"level":"info","message":"GET /favicon.ico","timestamp":"2026-08-24T09:17:51.041Z"}
{"level":"info","message":"POST /api/chat","timestamp":"2026-08-24T09:17:54.058Z"}
{"level":"info","message":"GET /favicon.ico","timestamp":"2026-08-24T09:17:55.763Z"}
{"level":"info","message":"POST /api/chat","timestamp":"2026-08-24T09:18:14.226Z"}
{"level":"info","message":"POST /api/chat","timestamp":"2026-08-24T09:18:33.113Z"}
{"level":"info","message":"Server is running on port 3000","timestamp":"2026-08-24T09:19:31.439Z"}
{"level":"info","message":"Server is running on port 3000","timestamp":"2026-08-24T09:19:33.617Z"}
{"level":"info","message":"POST /api/chat","timestamp":"2026-08-24T09:21:32.188Z"}
{"level":"info","message":"GET /api/tts?text=Hello!%20I%20am%20speaking%20from%20Bodhi%20Health.%20How%20can%20I%20help%20you%20today%3F&lang=en","timestamp":"2026-08-24T09:21:32.793Z"}
{"level":"info","message":"POST /api/chat","timestamp":"2026-08-24T09:21:41.184Z"}
{"level":"info","message":"GET /api/tts?text=Hello!%20I%20am%20speaking%20from%20Bodhi%20Health.%20How%20can%20I%20help%20you%20today%3F&lang=en","timestamp":"2026-08-24T09:21:41.671Z"}
{"level":"info","message":"POST /api/chat","timestamp":"2026-08-24T09:21:50.839Z"}
{"level":"info","message":"POST /api/chat","timestamp":"2026-08-24T09:23:10.237Z"}
{"level":"info","message":"GET /api/tts?text=Hello!%20I%E2%80%99m%20here%20to%20help.%20What%20would%20you%20like%20to%20discuss%20or%20ask%20about%3F&lang=en","timestamp":"2026-08-24T09:23:10.770Z"}
{"level":"info","message":"POST /api/chat","timestamp":"2026-08-24T09:23:38.237Z"}
{"level":"info","message":"GET /api/tts?text=Great!%20We%20have%20a%20calcium%E2%80%91rich%20option.%20The%20All%E2%80%91in%E2%80%91One%20Multi%E2%80%91Vitamin%20%26%20Mineral%20contains%20500%E2%80%AFmg%20of%20calcium%20plus%20vitamin%E2%80%AFD%20and%20other%20essential%20nutrients%20to%20support%20bone%20health.%20Would%20you%20like%20more%20details%20or%20to%20place%20an%20order%3F&lang=en","timestamp":"2026-08-24T09:23:39.735Z"}
{"level":"info","message":"POST /api/chat","timestamp":"2026-08-24T09:24:08.237Z"}
{"level":"info","message":"GET /api/tts?text=The%20All%E2%80%91in%E2%80%91One%20Multi%E2%80%91Vitamin%20%26%20Mineral%20is%20priced%20at%20%2444.98.%20Would%20you%20like%20to%20add%20it%20to%20your%20cart%3F&lang=en","timestamp":"2026-08-24T09:24:09.400Z"}
{"level":"info","message":"POST /api/chat","timestamp":"2026-08-24T09:24:19.238Z"}
{"level":"info","message":"GET /api/tts?text=%E0%A4%95%E0%A5%8D%E0%A4%AF%E0%A4%BE%20%E0%A4%86%E0%A4%AA%20%E0%A4%B9%E0%A4%AE%E0%A5%87%E0%A4%82%20%E0%A4%95%E0%A5%81%E0%A4%9B%20%E0%A4%94%E0%A4%B0%20%E0%A4%9C%E0%A4%BE%E0%A4%A8%E0%A4%95%E0%A4%BE%E0%A4%B0%E0%A5%80%20%E0%A4%A6%E0%A5%87%20%E0%A4%B8%E0%A4%95%E0%A4%A4%E0%A5%87%20%E0%A4%B9%E0%A5%88%E0%A4%82%20%E0%A4%95%E0%A4%BF%20%E0%A4%86%E0%A4%AA%20%E0%A4%95%E0%A4%BF%E0%A4%B8%20%E0%A4%89%E0%A4%A4%E0%A5%8D%E0%A4%AA%E0%A4%BE%E0%A4%A6%20%E0%A4%AF%E0%A4%BE%20%E0%A4%B8%E0%A5%87%E0%A4%B5%E0%A4%BE%20%E0%A4%95%E0%A5%87%20%E0%A4%AC%E0%A4%BE%E0%A4%B0%E0%A5%87%20%E0%A4%AE%E0%A5%87%E0%A4%82%20%E0%A4%AA%E0%A5%82%E0%A4%9B%E0%A4%A8%E0%A4%BE%20%E0%A4%9A%E0%A4%BE%E0%A4%B9%E0%A5%87%E0%A4%82%E0%A4%97%E0%A5%87%3F&lang=hi","timestamp":"2026-08-24T09:24:19.963Z"}
{"level":"info","message":"POST /api/chat","timestamp":"2026-08-24T09:28:11.039Z"}
{"level":"info","message":"POST /api/chat","timestamp":"2026-08-24T09:28:26.963Z"}
{"level":"info","message":"POST /api/chat","timestamp":"2026-08-24T09:28:48.306Z"}
{"level":"info","message":"POST /api/chat","timestamp":"2026-08-24T09:29:17.714Z"}
{"level":"info","message":"Server is running on port 3000","timestamp":"2026-08-24T09:30:57.373Z"}
{"level":"info","message":"Server is running on port 3000","timestamp":"2026-08-24T09:30:59.479Z"}
{"level":"info","message":"POST /api/chat","timestamp":"2026-08-24T09:32:02.356Z"}
{"level":"info","message":"POST /api/chat","timestamp":"2026-08-24T09:32:51.488Z"}
{"level":"info","message":"POST /api/chat","timestamp":"2026-08-24T09:33:05.348Z"}
{"level":"info","message":"POST /api/chat","timestamp":"2026-08-24T09:33:21.628Z"}
{"level":"info","message":"POST /api/chat","timestamp":"2026-08-24T09:33:45.606Z"}
{"level":"error","message":"413 {\"error\":{\"message\":\"Request too large for model `openai/gpt-oss-20b` in organization `org_01m0dmjjahewys7kj9amv65vwx` service tier `on_demand` on tokens per minute (TPM): Limit 8000, Requested 8442, please reduce your message size and try again. Need more tokens? Upgrade to Dev Tier today at https://console.groq.com/settings/billing\",\"type\":\"tokens\",\"code\":\"rate_limit_exceeded\"}} - /api/chat - POST - ::1","stack":"Error: 413 {\"error\":{\"message\":\"Request too large for model `openai/gpt-oss-20b` in organization `org_01m0dmjjahewys7kj9amv65vwx` service tier `on_demand` on tokens per minute (TPM): Limit 8000, Requested 8442, please reduce your message size and try again. Need more tokens? Upgrade to Dev Tier today at https://console.groq.com/settings/billing\",\"type\":\"tokens\",\"code\":\"rate_limit_exceeded\"}}\n    at APIError.generate (C:\\Users\\BAPS\\Downloads\\shopify brige\\shopify-ai-bridge\\node_modules\\groq-sdk\\core\\error.js:63:16)\n    at Groq.makeStatusError (C:\\Users\\BAPS\\Downloads\\shopify brige\\shopify-ai-bridge\\node_modules\\groq-sdk\\client.js:138:32)\n    at Groq.makeRequest (C:\\Users\\BAPS\\Downloads\\shopify brige\\shopify-ai-bridge\\node_modules\\groq-sdk\\client.js:280:30)\n    at process.processTicksAndRejections (node:internal/process/task_queues:104:5)\n    at async processChat (C:\\Users\\BAPS\\Downloads\\shopify brige\\shopify-ai-bridge\\src\\services\\llmService.js:122:16)\n    at async handleChat (C:\\Users\\BAPS\\Downloads\\shopify brige\\shopify-ai-bridge\\src\\controllers\\chatController.js:12:20)","timestamp":"2026-08-24T09:34:06.610Z"}
{"level":"info","message":"POST /api/chat","timestamp":"2026-08-24T09:34:26.733Z"}
{"level":"error","message":"413 {\"error\":{\"message\":\"Request too large for model `openai/gpt-oss-20b` in organization `org_01m0dmjjahewys7kj9amv65vwx` service tier `on_demand` on tokens per minute (TPM): Limit 8000, Requested 14950, please reduce your message size and try again. Need more tokens? Upgrade to Dev Tier today at https://console.groq.com/settings/billing\",\"type\":\"tokens\",\"code\":\"rate_limit_exceeded\"}} - /api/chat - POST - ::1","stack":"Error: 413 {\"error\":{\"message\":\"Request too large for model `openai/gpt-oss-20b` in organization `org_01m0dmjjahewys7kj9amv65vwx` service tier `on_demand` on tokens per minute (TPM): Limit 8000, Requested 14950, please reduce your message size and try again. Need more tokens? Upgrade to Dev Tier today at https://console.groq.com/settings/billing\",\"type\":\"tokens\",\"code\":\"rate_limit_exceeded\"}}\n    at APIError.generate (C:\\Users\\BAPS\\Downloads\\shopify brige\\shopify-ai-bridge\\node_modules\\groq-sdk\\core\\error.js:63:16)\n    at Groq.makeStatusError (C:\\Users\\BAPS\\Downloads\\shopify brige\\shopify-ai-bridge\\node_modules\\groq-sdk\\client.js:138:32)\n    at Groq.makeRequest (C:\\Users\\BAPS\\Downloads\\shopify brige\\shopify-ai-bridge\\node_modules\\groq-sdk\\client.js:280:30)\n    at process.processTicksAndRejections (node:internal/process/task_queues:104:5)\n    at async processChat (C:\\Users\\BAPS\\Downloads\\shopify brige\\shopify-ai-bridge\\src\\services\\llmService.js:122:16)\n    at async handleChat (C:\\Users\\BAPS\\Downloads\\shopify brige\\shopify-ai-bridge\\src\\controllers\\chatController.js:12:20)","timestamp":"2026-08-24T09:34:55.452Z"}
{"level":"info","message":"Server is running on port 3000","timestamp":"2026-08-24T09:35:53.628Z"}
{"level":"info","message":"POST /api/chat","timestamp":"2026-08-24T09:37:37.162Z"}
{"level":"info","message":"POST /api/chat","timestamp":"2026-08-24T09:37:52.992Z"}
{"level":"info","message":"POST /api/chat","timestamp":"2026-08-24T09:38:12.612Z"}
{"level":"info","message":"POST /api/chat","timestamp":"2026-08-24T09:38:47.711Z"}
{"level":"info","message":"POST /api/chat","timestamp":"2026-08-24T09:39:09.098Z"}
{"level":"info","message":"POST /api/chat","timestamp":"2026-08-24T09:39:32.758Z"}
{"level":"info","message":"POST /api/chat","timestamp":"2026-08-24T09:46:08.802Z"}
{"level":"info","message":"POST /api/chat","timestamp":"2026-08-24T09:46:29.988Z"}
{"level":"info","message":"POST /api/chat","timestamp":"2026-08-24T10:05:41.178Z"}
{"level":"info","message":"POST /api/chat","timestamp":"2026-08-24T10:05:57.804Z"}
{"level":"info","message":"POST /api/chat","timestamp":"2026-08-24T10:06:20.287Z"}
{"level":"info","message":"POST /api/chat","timestamp":"2026-08-24T10:14:04.630Z"}
{"level":"info","message":"POST /api/chat","timestamp":"2026-08-24T10:14:07.284Z"}
{"level":"info","message":"POST /api/chat","timestamp":"2026-08-24T10:14:21.697Z"}
{"level":"info","message":"POST /api/chat","timestamp":"2026-08-24T10:14:31.520Z"}
{"level":"info","message":"POST /api/chat","timestamp":"2026-08-24T10:14:55.786Z"}
{"level":"info","message":"POST /api/chat","timestamp":"2026-08-24T10:15:19.887Z"}
{"level":"info","message":"POST /api/chat","timestamp":"2026-08-24T10:15:59.850Z"}
{"level":"error","message":"400 {\"error\":{\"message\":\"Tool call validation failed: tool call validation failed: attempted to call tool 'create_order' which was not in request.tools\",\"type\":\"invalid_request_error\",\"code\":\"tool_use_failed\",\"failed_generation\":\"{\\\"name\\\": \\\"create_order\\\", \\\"arguments\\\": {\\\"line_items\\\":[{\\\"variant_id\\\":0,\\\"quantity\\\":1}],\\\"shipping_address\\\":{\\\"first_name\\\":\\\"\\\",\\\"last_name\\\":\\\"\\\",\\\"address1\\\":\\\"\\\",\\\"city\\\":\\\"\\\",\\\"province\\\":\\\"\\\",\\\"country\\\":\\\"\\\",\\\"zip\\\":\\\"\\\",\\\"phone\\\":\\\"\\\"},\\\"billing_address\\\":{},\\\"email\\\":\\\"\\\",\\\"phone\\\":\\\"\\\",\\\"note\\\":\\\"\\\"}}\"}} - /api/chat - POST - ::1","stack":"Error: 400 {\"error\":{\"message\":\"Tool call validation failed: tool call validation failed: attempted to call tool 'create_order' which was not in request.tools\",\"type\":\"invalid_request_error\",\"code\":\"tool_use_failed\",\"failed_generation\":\"{\\\"name\\\": \\\"create_order\\\", \\\"arguments\\\": {\\\"line_items\\\":[{\\\"variant_id\\\":0,\\\"quantity\\\":1}],\\\"shipping_address\\\":{\\\"first_name\\\":\\\"\\\",\\\"last_name\\\":\\\"\\\",\\\"address1\\\":\\\"\\\",\\\"city\\\":\\\"\\\",\\\"province\\\":\\\"\\\",\\\"country\\\":\\\"\\\",\\\"zip\\\":\\\"\\\",\\\"phone\\\":\\\"\\\"},\\\"billing_address\\\":{},\\\"email\\\":\\\"\\\",\\\"phone\\\":\\\"\\\",\\\"note\\\":\\\"\\\"}}\"}}\n    at APIError.generate (C:\\Users\\BAPS\\Downloads\\shopify brige\\shopify-ai-bridge\\node_modules\\groq-sdk\\core\\error.js:40:20)\n    at Groq.makeStatusError (C:\\Users\\BAPS\\Downloads\\shopify brige\\shopify-ai-bridge\\node_modules\\groq-sdk\\client.js:138:32)\n    at Groq.makeRequest (C:\\Users\\BAPS\\Downloads\\shopify brige\\shopify-ai-bridge\\node_modules\\groq-sdk\\client.js:280:30)\n    at process.processTicksAndRejections (node:internal/process/task_queues:104:5)\n    at async processChat (C:\\Users\\BAPS\\Downloads\\shopify brige\\shopify-ai-bridge\\src\\services\\llmService.js:56:18)\n    at async handleChat (C:\\Users\\BAPS\\Downloads\\shopify brige\\shopify-ai-bridge\\src\\controllers\\chatController.js:12:20)","timestamp":"2026-08-24T10:16:00.502Z"}
{"level":"info","message":"POST /api/chat","timestamp":"2026-08-24T10:16:11.558Z"}
{"level":"info","message":"POST /api/chat","timestamp":"2026-08-24T10:16:35.306Z"}
{"level":"info","message":"POST /api/chat","timestamp":"2026-08-24T10:16:44.831Z"}
{"level":"info","message":"POST /api/chat","timestamp":"2026-08-24T10:16:52.355Z"}
{"level":"info","message":"POST /api/chat","timestamp":"2026-08-24T10:17:13.992Z"}
{"level":"info","message":"POST /api/chat","timestamp":"2026-08-24T10:19:32.481Z"}
{"level":"info","message":"POST /api/chat","timestamp":"2026-08-24T10:19:50.206Z"}
{"level":"info","message":"POST /api/chat","timestamp":"2026-08-24T10:20:10.876Z"}
{"level":"info","message":"POST /api/chat","timestamp":"2026-08-24T10:20:42.849Z"}
{"level":"info","message":"POST /api/chat","timestamp":"2026-08-24T10:21:07.802Z"}
{"level":"error","message":"400 {\"error\":{\"message\":\"Tool choice is none, but model called a tool\",\"type\":\"invalid_request_error\",\"code\":\"tool_use_failed\",\"failed_generation\":\"{\\\"name\\\": \\\"search_products\\\", \\\"arguments\\\": {\\\"query\\\":\\\"Adeeva All-in-One Multivitamin & Mineral\\\"}}\"}} - /api/chat - POST - ::1","stack":"Error: 400 {\"error\":{\"message\":\"Tool choice is none, but model called a tool\",\"type\":\"invalid_request_error\",\"code\":\"tool_use_failed\",\"failed_generation\":\"{\\\"name\\\": \\\"search_products\\\", \\\"arguments\\\": {\\\"query\\\":\\\"Adeeva All-in-One Multivitamin & Mineral\\\"}}\"}}\n    at APIError.generate (C:\\Users\\BAPS\\Downloads\\shopify brige\\shopify-ai-bridge\\node_modules\\groq-sdk\\core\\error.js:40:20)\n    at Groq.makeStatusError (C:\\Users\\BAPS\\Downloads\\shopify brige\\shopify-ai-bridge\\node_modules\\groq-sdk\\client.js:138:32)\n    at Groq.makeRequest (C:\\Users\\BAPS\\Downloads\\shopify brige\\shopify-ai-bridge\\node_modules\\groq-sdk\\client.js:280:30)\n    at process.processTicksAndRejections (node:internal/process/task_queues:104:5)\n    at async processChat (C:\\Users\\BAPS\\Downloads\\shopify brige\\shopify-ai-bridge\\src\\services\\llmService.js:125:16)\n    at async handleChat (C:\\Users\\BAPS\\Downloads\\shopify brige\\shopify-ai-bridge\\src\\controllers\\chatController.js:12:20)","timestamp":"2026-08-24T10:21:09.231Z"}
{"level":"info","message":"POST /api/chat","timestamp":"2026-08-24T10:21:28.506Z"}
{"level":"info","message":"POST /api/chat","timestamp":"2026-08-24T10:21:56.552Z"}
{"level":"info","message":"POST /api/chat","timestamp":"2026-08-24T10:25:36.733Z"}
{"level":"info","message":"POST /api/chat","timestamp":"2026-08-24T10:35:14.626Z"}
{"level":"info","message":"POST /api/chat","timestamp":"2026-08-24T10:35:47.636Z"}
{"level":"info","message":"POST /api/chat","timestamp":"2026-08-24T10:35:58.806Z"}
{"level":"info","message":"POST /api/chat","timestamp":"2026-08-24T11:09:17.637Z"}
{"level":"info","message":"GET /api/tts?text=Hello!&lang=en","timestamp":"2026-08-24T11:19:57.236Z"}
{"level":"info","message":"GET /api/tts?text=I%20am%20Bodhi%20Health%20Support.&lang=en","timestamp":"2026-08-24T11:19:57.743Z"}
{"level":"info","message":"GET /api/tts?text=How%20can%20I%20help%20you%20today%3F&lang=en","timestamp":"2026-08-24T11:19:58.252Z"}
{"level":"info","message":"GET /api/tts?text=Hello!&lang=en","timestamp":"2026-08-24T11:20:30.233Z"}
{"level":"info","message":"GET /api/tts?text=I%20am%20Bodhi%20Health%20Support.&lang=en","timestamp":"2026-08-24T11:20:30.749Z"}
{"level":"info","message":"GET /api/tts?text=How%20can%20I%20help%20you%20today%3F&lang=en","timestamp":"2026-08-24T11:20:31.291Z"}
{"level":"info","message":"GET /api/tts?text=Hello!&lang=en","timestamp":"2026-08-24T11:21:51.081Z"}
{"level":"info","message":"GET /api/tts?text=I%20am%20Bodhi%20Health%20Support.&lang=en","timestamp":"2026-08-24T11:21:52.956Z"}
{"level":"info","message":"GET /api/tts?text=Hello!&lang=en","timestamp":"2026-08-24T11:22:08.628Z"}
{"level":"info","message":"GET /favicon.ico","timestamp":"2026-08-24T11:22:43.659Z"}
{"level":"info","message":"POST /api/chat","timestamp":"2026-08-24T11:22:45.930Z"}
{"level":"info","message":"GET /favicon.ico","timestamp":"2026-08-24T11:22:47.895Z"}
{"level":"info","message":"GET /api/tts?text=Hello&lang=en","timestamp":"2026-08-24T11:23:14.615Z"}
{"level":"info","message":"Server is running on port 3000","timestamp":"2026-08-24T11:27:52.827Z"}
{"level":"info","message":"GET /api/tts?text=Hello!&lang=en","timestamp":"2026-08-24T11:29:15.756Z"}
{"level":"info","message":"GET /api/tts?text=I%20am%20Bodhi%20Health%20Support.&lang=en","timestamp":"2026-08-24T11:29:17.807Z"}
{"level":"info","message":"GET /api/tts?text=How%20can%20I%20help%20you%20today%3F&lang=en","timestamp":"2026-08-24T11:29:19.587Z"}
{"level":"info","message":"GET /favicon.ico","timestamp":"2026-08-24T11:31:27.469Z"}
{"level":"info","message":"GET /api/tts?text=Hello!&lang=en","timestamp":"2026-08-24T11:31:30.135Z"}
{"level":"info","message":"GET /api/tts?text=I%20am%20Bodhi%20Health%20Support.&lang=en","timestamp":"2026-08-24T11:31:30.920Z"}
{"level":"info","message":"GET /favicon.ico","timestamp":"2026-08-24T11:31:31.026Z"}
{"level":"info","message":"GET /api/tts?text=How%20can%20I%20help%20you%20today%3F&lang=en","timestamp":"2026-08-24T11:31:31.422Z"}
{"level":"info","message":"POST /api/chat","timestamp":"2026-08-24T11:31:56.818Z"}
{"level":"info","message":"GET /api/tts?text=Sure!&lang=en","timestamp":"2026-08-24T11:31:57.516Z"}
{"level":"info","message":"GET /api/tts?text=I%27d%20be%20happy%20to%20help%20you%20place%20an%20order.&lang=en","timestamp":"2026-08-24T11:31:58.026Z"}
{"level":"info","message":"GET /api/tts?text=Which%20Bodhi%20Health%20product%20would%20you%20like%20to%20purchase%3F&lang=en","timestamp":"2026-08-24T11:31:58.612Z"}
{"level":"info","message":"POST /api/chat","timestamp":"2026-08-24T11:32:21.085Z"}
{"level":"info","message":"GET /api/tts?text=Our%20Nature%E2%80%99s%20Relief%20supplement%20is%20great%20for%20easing%20joint%2C%20muscle%2C%20and%20tendon%20pain.&lang=en","timestamp":"2026-08-24T11:32:22.608Z"}
{"level":"info","message":"GET /api/tts?text=It%20contains%20natural%20anti%E2%80%91inflammatory%20ingredients%20that%20help%20reduce%20discomfort.&lang=en","timestamp":"2026-08-24T11:32:23.731Z"}
{"level":"info","message":"GET /api/tts?text=Would%20you%20like%20to%20add%20it%20to%20your%20order%3F&lang=en","timestamp":"2026-08-24T11:32:24.800Z"}
{"level":"info","message":"POST /api/chat","timestamp":"2026-08-24T11:32:50.484Z"}
{"level":"info","message":"GET /api/tts?text=Nature%E2%80%99s%20Relief%20contains%20four%20natural%20anti%E2%80%91inflammatory%20agents%20that%20help%20reduce%20joint%2C%20muscle%2C%20tendon%2C%20disc%2C%20and%20bone%20inflammation.&lang=en","timestamp":"2026-08-24T11:32:51.849Z"}
{"level":"info","message":"GET /api/tts?text=It%E2%80%99s%20designed%20to%20support%20comfort%20and%20mobility%20in%20everyday%20activities.&lang=en","timestamp":"2026-08-24T11:32:53.876Z"}
{"level":"info","message":"GET /api/tts?text=Does%20this%20sound%20like%20what%20you%E2%80%99re%20looking%20for%3F&lang=en","timestamp":"2026-08-24T11:32:54.615Z"}
{"level":"info","message":"POST /api/chat","timestamp":"2026-08-24T11:33:13.100Z"}
{"level":"error","message":"400 {\"error\":{\"message\":\"Tool call validation failed: tool call validation failed: attempted to call tool 'create_order' which was not in request.tools\",\"type\":\"invalid_request_error\",\"code\":\"tool_use_failed\",\"failed_generation\":\"{\\\"name\\\": \\\"create_order\\\", \\\"arguments\\\": {\\\"name\\\":\\\"Nature’s Relief\\\",\\\"quantity\\\":1}}\"}} - /api/chat - POST - ::1","stack":"Error: 400 {\"error\":{\"message\":\"Tool call validation failed: tool call validation failed: attempted to call tool 'create_order' which was not in request.tools\",\"type\":\"invalid_request_error\",\"code\":\"tool_use_failed\",\"failed_generation\":\"{\\\"name\\\": \\\"create_order\\\", \\\"arguments\\\": {\\\"name\\\":\\\"Nature’s Relief\\\",\\\"quantity\\\":1}}\"}}\n    at APIError.generate (C:\\Users\\BAPS\\Downloads\\shopify brige\\shopify-ai-bridge\\node_modules\\groq-sdk\\core\\error.js:40:20)\n    at Groq.makeStatusError (C:\\Users\\BAPS\\Downloads\\shopify brige\\shopify-ai-bridge\\node_modules\\groq-sdk\\client.js:138:32)\n    at Groq.makeRequest (C:\\Users\\BAPS\\Downloads\\shopify brige\\shopify-ai-bridge\\node_modules\\groq-sdk\\client.js:280:30)\n    at process.processTicksAndRejections (node:internal/process/task_queues:104:5)\n    at async processChat (C:\\Users\\BAPS\\Downloads\\shopify brige\\shopify-ai-bridge\\src\\services\\llmService.js:56:18)\n    at async handleChat (C:\\Users\\BAPS\\Downloads\\shopify brige\\shopify-ai-bridge\\src\\controllers\\chatController.js:12:20)","timestamp":"2026-08-24T11:33:13.753Z"}
{"level":"info","message":"POST /api/chat","timestamp":"2026-08-24T11:33:20.252Z"}
{"level":"info","message":"GET /api/tts?text=Great!&lang=en","timestamp":"2026-08-24T11:33:21.739Z"}
{"level":"info","message":"GET /api/tts?text=To%20complete%20your%20order%20for%20Nature%E2%80%99s%20Relief%2C%20I%20just%20need%20a%20few%20details.&lang=en","timestamp":"2026-08-24T11:33:22.193Z"}
{"level":"info","message":"GET /api/tts?text=Could%20you%20please%20share%20your%20full%20name%2C%20delivery%20address%2C%20and%20the%20email%20address%20we%20should%20send%20the%20receipt%20to%3F&lang=en","timestamp":"2026-08-24T11:33:23.374Z"}
{"level":"info","message":"Server is running on port 3000","timestamp":"2026-08-24T11:36:30.316Z"}
{"level":"info","message":"Server is running on port 3000","timestamp":"2026-08-24T11:37:04.723Z"}
{"level":"info","message":"Server is running on port 3000","timestamp":"2026-08-24T11:37:29.543Z"}
{"level":"info","message":"GET /favicon.ico","timestamp":"2026-08-24T11:38:53.380Z"}
{"level":"info","message":"GET /api/tts?text=Hello!%20I%20am%20Bodhi%20Health%20Support.%20How%20can%20I%20help%20you%20today%3F&lang=en","timestamp":"2026-08-24T11:38:56.383Z"}
{"level":"info","message":"GET /favicon.ico","timestamp":"2026-08-24T11:38:57.829Z"}
{"level":"info","message":"POST /api/chat","timestamp":"2026-08-24T11:39:09.098Z"}
{"level":"info","message":"GET /api/tts?text=Sure!&lang=en","timestamp":"2026-08-24T11:39:09.696Z"}
{"level":"info","message":"GET /api/tts?text=What%20product%20are%20you%20looking%20to%20buy%3F&lang=en","timestamp":"2026-08-24T11:39:09.708Z"}
{"level":"info","message":"POST /api/chat","timestamp":"2026-08-24T11:39:22.596Z"}
{"level":"info","message":"GET /favicon.ico","timestamp":"2026-08-24T11:40:35.075Z"}
{"level":"info","message":"GET /api/tts?text=Hello!%20I%20am%20Bodhi%20Health%20Support.%20How%20can%20I%20help%20you%20today%3F&lang=en","timestamp":"2026-08-24T11:40:37.581Z"}
{"level":"info","message":"GET /favicon.ico","timestamp":"2026-08-24T11:40:38.509Z"}
{"level":"info","message":"POST /api/chat","timestamp":"2026-08-24T11:40:52.219Z"}
{"level":"info","message":"GET /api/tts?text=Hello!&lang=en","timestamp":"2026-08-24T11:40:52.738Z"}
{"level":"info","message":"GET /api/tts?text=I%20am%20speaking%20from%20Bodhi%20Health.&lang=en","timestamp":"2026-08-24T11:40:52.743Z"}
{"level":"info","message":"GET /api/tts?text=How%20can%20I%20help%20you%20today%3F&lang=en","timestamp":"2026-08-24T11:40:52.749Z"}
{"level":"info","message":"POST /api/chat","timestamp":"2026-08-24T11:41:07.163Z"}
{"level":"info","message":"GET /api/tts?text=Great!&lang=en","timestamp":"2026-08-24T11:41:07.755Z"}
{"level":"info","message":"GET /api/tts?text=Which%20Bodhi%20Health%20product%20would%20you%20like%20to%20purchase%3F&lang=en","timestamp":"2026-08-24T11:41:07.772Z"}
{"level":"info","message":"GET /api/tts?text=Once%20you%20let%20me%20know%20the%20item%2C%20I%20can%20help%20you%20add%20it%20to%20your%20order.&lang=en","timestamp":"2026-08-24T11:41:07.822Z"}
{"level":"info","message":"POST /api/chat","timestamp":"2026-08-24T11:41:22.030Z"}
{"level":"info","message":"Server is running on port 3000","timestamp":"2026-08-24T11:41:58.340Z"}
{"level":"info","message":"GET /favicon.ico","timestamp":"2026-08-24T11:43:37.545Z"}
{"level":"info","message":"GET /api/tts?text=Hello!%20I%20am%20Bodhi%20Health%20Support.%20How%20can%20I%20help%20you%20today%3F&lang=en","timestamp":"2026-08-24T11:43:38.660Z"}
{"level":"info","message":"GET /favicon.ico","timestamp":"2026-08-24T11:43:39.529Z"}
{"level":"info","message":"POST /api/chat","timestamp":"2026-08-24T11:43:56.587Z"}
{"level":"info","message":"GET /api/tts?text=Hi!&lang=en","timestamp":"2026-08-24T11:43:57.262Z"}
{"level":"info","message":"GET /api/tts?text=I%E2%80%99m%20from%20Bodhi%20Health.&lang=en","timestamp":"2026-08-24T11:43:57.274Z"}
{"level":"info","message":"GET /api/tts?text=Could%20you%20let%20me%20know%20which%20product%20you%E2%80%99re%20interested%20in%20or%20what%20health%20goal%20you%E2%80%99d%20like%20to%20support%3F&lang=en","timestamp":"2026-08-24T11:43:57.288Z"}
{"level":"info","message":"GET /api/tts?text=I%27ll%20be%20happy%20to%20recommend%20something%20great%20for%20you.&lang=en","timestamp":"2026-08-24T11:43:57.298Z"}
{"level":"info","message":"POST /api/chat","timestamp":"2026-08-24T11:44:48.837Z"}
{"level":"info","message":"GET /api/tts?text=We%20have%20a%20great%20option%20for%20pain%20relief%3A%20Nature%E2%80%99s%20Relief%2C%20which%20is%20packed%20with%20natural%20anti%E2%80%91inflammatory%20ingredients%20to%20help%20ease%20joint%2C%20muscle%2C%20and%20tendon%20discomfort.&lang=en","timestamp":"2026-08-24T11:44:50.062Z"}
{"level":"info","message":"GET /api/tts?text=Would%20you%20like%20to%20add%20it%20to%20your%20order%3F&lang=en","timestamp":"2026-08-24T11:44:50.078Z"}
{"level":"info","message":"POST /api/chat","timestamp":"2026-08-24T11:45:22.686Z"}
{"level":"info","message":"GET /api/tts?text=We%20recommend%20our%20Nature%E2%80%99s%20Relief%20supplement%2C%20which%20contains%20four%20natural%20anti%E2%80%91inflammatory%20agents%20that%20help%20reduce%20joint%2C%20muscle%2C%20tendon%2C%20and%20disc%20inflammation%20for%20better%20pain%20relief.&lang=en","timestamp":"2026-08-24T11:45:24.554Z"}
{"level":"info","message":"GET /api/tts?text=Would%20you%20like%20to%20add%20it%20to%20your%20order%3F&lang=en","timestamp":"2026-08-24T11:45:24.570Z"}
{"level":"info","message":"GET /favicon.ico","timestamp":"2026-08-24T11:49:35.148Z"}
{"level":"info","message":"GET /api/tts?text=Hello!%20I%20am%20Bodhi%20Health%20Support.%20How%20can%20I%20help%20you%20today%3F&lang=en","timestamp":"2026-08-24T11:49:36.340Z"}
{"level":"info","message":"POST /api/chat","timestamp":"2026-08-24T11:49:37.201Z"}
{"level":"info","message":"GET /favicon.ico","timestamp":"2026-08-24T11:49:37.230Z"}
{"level":"info","message":"GET /api/tts?text=Hello!&lang=en","timestamp":"2026-08-24T11:49:37.682Z"}
{"level":"info","message":"GET /api/tts?text=I%20am%20speaking%20from%20Bodhi%20Health.&lang=en","timestamp":"2026-08-24T11:49:38.386Z"}
{"level":"info","message":"GET /api/tts?text=How%20can%20I%20help%20you%20today%3F&lang=en","timestamp":"2026-08-24T11:49:38.985Z"}
{"level":"info","message":"POST /api/chat","timestamp":"2026-08-24T11:49:55.045Z"}
{"level":"info","message":"GET /api/tts?text=Sure%2C%20I%27d%20be%20happy%20to%20help!&lang=en","timestamp":"2026-08-24T11:49:55.534Z"}
{"level":"info","message":"GET /api/tts?text=Which%20Bodhi%20Health%20product%20are%20you%20interested%20in%3F&lang=en","timestamp":"2026-08-24T11:49:56.150Z"}
{"level":"info","message":"POST /api/chat","timestamp":"2026-08-24T11:50:14.426Z"}
{"level":"info","message":"GET /api/tts?text=We%20have%20a%20great%20option%20for%20pain%20relief%20called%20**Nature%E2%80%99s%20Relief**.&lang=en","timestamp":"2026-08-24T11:50:16.114Z"}
{"level":"info","message":"GET /api/tts?text=It%20blends%20natural%20anti%E2%80%91inflammatory%20ingredients%20to%20help%20ease%20joint%2C%20muscle%2C%20tendon%2C%20disc%20and%20bone%20discomfort.&lang=en","timestamp":"2026-08-24T11:50:17.013Z"}
{"level":"info","message":"GET /api/tts?text=Would%20you%20like%20to%20place%20an%20order%3F&lang=en","timestamp":"2026-08-24T11:50:18.230Z"}
{"level":"info","message":"POST /api/chat","timestamp":"2026-08-24T11:50:43.945Z"}
{"level":"info","message":"GET /api/tts?text=Hello!&lang=en","timestamp":"2026-08-24T11:50:44.429Z"}
{"level":"info","message":"POST /api/chat","timestamp":"2026-08-24T11:50:44.940Z"}
{"level":"info","message":"GET /api/tts?text=Hi!&lang=en","timestamp":"2026-08-24T11:50:45.391Z"}
{"level":"info","message":"GET /api/tts?text=I%E2%80%99m%20here%20to%20help.&lang=en","timestamp":"2026-08-24T11:50:45.793Z"}
{"level":"info","message":"GET /api/tts?text=Do%20you%20have%20a%20specific%20supplement%20or%20health%20goal%20in%20mind%3F&lang=en","timestamp":"2026-08-24T11:50:46.396Z"}
{"level":"info","message":"POST /api/chat","timestamp":"2026-08-24T11:51:16.249Z"}
{"level":"info","message":"GET /api/tts?text=Hello!&lang=en","timestamp":"2026-08-24T11:51:16.830Z"}
{"level":"info","message":"GET /api/tts?text=I%20am%20speaking%20from%20Bodhi%20Health.&lang=en","timestamp":"2026-08-24T11:51:17.383Z"}
{"level":"info","message":"GET /favicon.ico","timestamp":"2026-08-24T11:51:17.397Z"}
{"level":"info","message":"GET /api/tts?text=How%20can%20I%20help%20you%20today%3F&lang=en","timestamp":"2026-08-24T11:51:18.302Z"}
{"level":"info","message":"Server is running on port 3000","timestamp":"2026-08-24T11:52:02.539Z"}
{"level":"info","message":"Server is running on port 3000","timestamp":"2026-08-24T11:52:26.634Z"}
{"level":"info","message":"Server is running on port 3000","timestamp":"2026-08-24T11:52:49.051Z"}
{"level":"info","message":"GET /favicon.ico","timestamp":"2026-08-24T11:54:34.221Z"}
{"level":"info","message":"GET /api/tts?text=Hello!%20I%20am%20Bodhi%20Health%20Support.%20How%20can%20I%20help%20you%20today%3F&lang=en","timestamp":"2026-08-24T11:55:31.338Z"}
{"level":"info","message":"GET /favicon.ico","timestamp":"2026-08-24T11:55:32.227Z"}
{"level":"info","message":"POST /api/chat","timestamp":"2026-08-24T11:55:46.620Z"}
{"level":"info","message":"GET /api/tts?text=Hello!&lang=en","timestamp":"2026-08-24T11:55:47.165Z"}
{"level":"info","message":"GET /api/tts?text=I%20am%20speaking%20from%20Bodhi%20Health.&lang=en","timestamp":"2026-08-24T11:55:47.724Z"}
{"level":"info","message":"GET /api/tts?text=How%20can%20I%20help%20you%20today%3F&lang=en","timestamp":"2026-08-24T11:55:48.518Z"}
{"level":"info","message":"GET /favicon.ico","timestamp":"2026-08-24T11:55:57.353Z"}
{"level":"info","message":"GET /favicon.ico","timestamp":"2026-08-24T11:56:01.185Z"}
{"level":"info","message":"GET /api/tts?text=Hello!%20I%20am%20Bodhi%20Health%20Support.%20How%20can%20I%20help%20you%20today%3F&lang=en","timestamp":"2026-08-24T11:56:06.870Z"}
{"level":"info","message":"GET /favicon.ico","timestamp":"2026-08-24T11:56:08.084Z"}
{"level":"info","message":"POST /api/chat","timestamp":"2026-08-24T11:56:36.492Z"}
{"level":"info","message":"GET /api/tts?text=Hi!&lang=en","timestamp":"2026-08-24T11:56:37.129Z"}
{"level":"info","message":"GET /api/tts?text=I%E2%80%99m%20from%20Bodhi%20Health.&lang=en","timestamp":"2026-08-24T11:56:37.607Z"}
{"level":"info","message":"GET /api/tts?text=What%20product%20or%20health%20goal%20are%20you%20looking%20for%3F&lang=en","timestamp":"2026-08-24T11:56:38.078Z"}
{"level":"info","message":"POST /api/chat","timestamp":"2026-08-24T11:56:58.145Z"}
{"level":"error","message":"logger is not defined - /api/chat - POST - ::1","stack":"ReferenceError: logger is not defined\n    at processChat (C:\\Users\\BAPS\\Downloads\\shopify brige\\shopify-ai-bridge\\src\\services\\llmService.js:149:9)\n    at process.processTicksAndRejections (node:internal/process/task_queues:104:5)\n    at async handleChat (C:\\Users\\BAPS\\Downloads\\shopify brige\\shopify-ai-bridge\\src\\controllers\\chatController.js:18:5)","timestamp":"2026-08-24T11:56:58.745Z"}
{"level":"info","message":"POST /api/chat","timestamp":"2026-08-24T11:57:06.252Z"}
{"level":"error","message":"logger is not defined - /api/chat - POST - ::1","stack":"ReferenceError: logger is not defined\n    at processChat (C:\\Users\\BAPS\\Downloads\\shopify brige\\shopify-ai-bridge\\src\\services\\llmService.js:149:9)\n    at process.processTicksAndRejections (node:internal/process/task_queues:104:5)\n    at async handleChat (C:\\Users\\BAPS\\Downloads\\shopify brige\\shopify-ai-bridge\\src\\controllers\\chatController.js:18:5)","timestamp":"2026-08-24T11:57:06.711Z"}
{"level":"info","message":"Server is running on port 3000","timestamp":"2026-08-24T11:57:07.264Z"}
{"level":"info","message":"GET /favicon.ico","timestamp":"2026-08-24T11:57:21.963Z"}
{"level":"info","message":"GET /api/tts?text=Hello!%20I%20am%20Bodhi%20Health%20Support.%20How%20can%20I%20help%20you%20today%3F&lang=en","timestamp":"2026-08-24T11:57:25.059Z"}
{"level":"info","message":"GET /favicon.ico","timestamp":"2026-08-24T11:57:26.267Z"}
{"level":"info","message":"POST /api/chat","timestamp":"2026-08-24T11:57:38.167Z"}
{"level":"info","message":"GET /api/tts?text=Sure!&lang=en","timestamp":"2026-08-24T11:57:38.721Z"}
{"level":"info","message":"GET /api/tts?text=What%20type%20of%20supplement%20or%20health%20goal%20are%20you%20looking%20to%20support%3F&lang=en","timestamp":"2026-08-24T11:57:39.246Z"}
{"level":"info","message":"POST /api/chat","timestamp":"2026-08-24T11:57:55.995Z"}
{"level":"error","message":"logger is not defined - /api/chat - POST - ::1","stack":"ReferenceError: logger is not defined\n    at processChat (C:\\Users\\BAPS\\Downloads\\shopify brige\\shopify-ai-bridge\\src\\services\\llmService.js:149:9)\n    at process.processTicksAndRejections (node:internal/process/task_queues:104:5)\n    at async handleChat (C:\\Users\\BAPS\\Downloads\\shopify brige\\shopify-ai-bridge\\src\\controllers\\chatController.js:18:5)","timestamp":"2026-08-24T11:57:56.439Z"}
{"level":"info","message":"Server is running on port 3000","timestamp":"2026-08-24T11:58:24.620Z"}
{"level":"info","message":"POST /api/chat","timestamp":"2026-08-24T11:58:51.924Z"}
{"level":"info","message":"LLM requested product search for: \"pain relief\"","timestamp":"2026-08-24T11:58:52.450Z"}
{"level":"info","message":"Loaded 43 products from CSV.","timestamp":"2026-08-24T11:58:52.521Z"}
{"level":"info","message":"GET /api/tts?text=We%20have%20a%20great%20option%20for%20pain%20relief%20called%20Nature%E2%80%99s%20Relief%2C&lang=en","timestamp":"2026-08-24T11:58:53.780Z"}
{"level":"info","message":"GET /api/tts?text=which%20blends%20turmeric%2C&lang=en","timestamp":"2026-08-24T11:58:54.683Z"}
{"level":"info","message":"GET /api/tts?text=boswellia%2C&lang=en","timestamp":"2026-08-24T11:58:55.180Z"}
{"level":"info","message":"GET /api/tts?text=white%20willow%2C&lang=en","timestamp":"2026-08-24T11:58:55.791Z"}
{"level":"info","message":"GET /api/tts?text=and%20ginger%20to%20reduce%20inflammation%20and%20ease%20joint%20and%20muscle%20pain.&lang=en","timestamp":"2026-08-24T11:58:56.378Z"}
{"level":"info","message":"GET /api/tts?text=Would%20you%20like%20to%20place%20an%20order%20or%20need%20more%20details%3F&lang=en","timestamp":"2026-08-24T11:58:57.210Z"}
{"level":"info","message":"POST /api/chat","timestamp":"2026-08-24T11:59:23.313Z"}
{"level":"info","message":"LLM requested product search for: \"pain relief turmeric boswellia\"","timestamp":"2026-08-24T11:59:23.871Z"}
{"level":"info","message":"GET /api/tts?text=Nature%E2%80%99s%20Relief%20combines%20turmeric%2C&lang=en","timestamp":"2026-08-24T11:59:25.040Z"}
{"level":"info","message":"GET /api/tts?text=boswellia%2C&lang=en","timestamp":"2026-08-24T11:59:25.700Z"}
{"level":"info","message":"GET /api/tts?text=white%20willow%20and%20ginger%20to%20target%20joint%2C&lang=en","timestamp":"2026-08-24T11:59:26.313Z"}
{"level":"info","message":"GET /api/tts?text=muscle%20and%20tendon%20inflammation%2C&lang=en","timestamp":"2026-08-24T11:59:27.016Z"}
{"level":"info","message":"GET /api/tts?text=helping%20you%20feel%20less%20pain%20and%20stiffness.&lang=en","timestamp":"2026-08-24T11:59:27.581Z"}
{"level":"info","message":"GET /api/tts?text=If%20you%E2%80%99d%20like%2C&lang=en","timestamp":"2026-08-24T11:59:28.249Z"}
{"level":"info","message":"GET /api/tts?text=I%20can%20add%20it%20to%20your%20cart%20and%20guide%20you%20through%20the%20checkout.&lang=en","timestamp":"2026-08-24T11:59:28.709Z"}
{"level":"info","message":"POST /api/chat","timestamp":"2026-08-24T12:01:18.152Z"}
{"level":"info","message":"GET /api/tts?text=Nature%E2%80%99s%20Relief%20blends%20turmeric%2C&lang=en","timestamp":"2026-08-24T12:01:18.763Z"}
{"level":"info","message":"GET /api/tts?text=boswellia%2C&lang=en","timestamp":"2026-08-24T12:01:19.501Z"}
{"level":"info","message":"GET /api/tts?text=white%20willow%20bark%2C&lang=en","timestamp":"2026-08-24T12:01:20.145Z"}
{"level":"info","message":"GET /api/tts?text=and%20ginger%20to%20target%20inflammation%20and%20relieve%20joint%2C&lang=en","timestamp":"2026-08-24T12:01:20.805Z"}
{"level":"info","message":"GET /api/tts?text=muscle%2C&lang=en","timestamp":"2026-08-24T12:01:21.516Z"}
{"level":"info","message":"GET /api/tts?text=and%20tendon%20pain.&lang=en","timestamp":"2026-08-24T12:01:21.980Z"}
{"level":"info","message":"GET /api/tts?text=Each%20capsule%20delivers%20a%20synergistic%20dose%20of%20curcumin%2C&lang=en","timestamp":"2026-08-24T12:01:22.421Z"}
{"level":"info","message":"GET /api/tts?text=boswellic%20acids%2C&lang=en","timestamp":"2026-08-24T12:01:23.169Z"}
{"level":"info","message":"GET /api/tts?text=salicin%2C&lang=en","timestamp":"2026-08-24T12:01:23.685Z"}
{"level":"info","message":"GET /api/tts?text=and%20gingerol%2C&lang=en","timestamp":"2026-08-24T12:01:24.118Z"}
{"level":"info","message":"GET /api/tts?text=supporting%20mobility%20and%20comfort%20during%20daily%20activities.&lang=en","timestamp":"2026-08-24T12:01:24.558Z"}
{"level":"info","message":"GET /api/tts?text=If%20you%E2%80%99d%20like%20to%20see%20more%20about%20the%20dosage%2C&lang=en","timestamp":"2026-08-24T12:01:25.317Z"}
{"level":"info","message":"GET /api/tts?text=sourcing%2C&lang=en","timestamp":"2026-08-24T12:01:25.950Z"}
{"level":"info","message":"GET /api/tts?text=or%20how%20to%20use%20it%2C&lang=en","timestamp":"2026-08-24T12:01:26.393Z"}
{"level":"info","message":"GET /api/tts?text=just%20let%20me%20know.&lang=en","timestamp":"2026-08-24T12:01:27.032Z"}
{"level":"info","message":"GET /favicon.ico","timestamp":"2026-08-24T12:02:55.911Z"}
{"level":"info","message":"GET /api/tts?text=Hello!%20I%20am%20Bodhi%20Health%20Support.%20How%20can%20I%20help%20you%20today%3F&lang=en","timestamp":"2026-08-24T12:03:27.759Z"}
{"level":"info","message":"GET /favicon.ico","timestamp":"2026-08-24T12:03:28.593Z"}
{"level":"info","message":"POST /api/chat","timestamp":"2026-08-24T12:03:29.089Z"}
{"level":"info","message":"GET /api/tts?text=Hi!&lang=en","timestamp":"2026-08-24T12:03:29.441Z"}
{"level":"info","message":"GET /api/tts?text=How%20can%20I%20help%20you%20today%20with%20your%20health%20and%20wellness%20needs%3F&lang=en","timestamp":"2026-08-24T12:03:29.865Z"}
{"level":"info","message":"POST /api/chat","timestamp":"2026-08-24T12:03:43.401Z"}
{"level":"info","message":"GET /api/tts?text=Sure!&lang=en","timestamp":"2026-08-24T12:03:43.927Z"}
{"level":"info","message":"GET /api/tts?text=Which%20product%20are%20you%20interested%20in%20purchasing%3F&lang=en","timestamp":"2026-08-24T12:03:44.429Z"}
{"level":"info","message":"GET /api/tts?text=If%20you%E2%80%99re%20not%20sure%2C&lang=en","timestamp":"2026-08-24T12:03:45.016Z"}
{"level":"info","message":"GET /api/tts?text=let%20me%20know%20what%20health%20goal%20or%20issue%20you%E2%80%99re%20targeting%2C&lang=en","timestamp":"2026-08-24T12:03:45.530Z"}
{"level":"info","message":"GET /api/tts?text=and%20I%20can%20recommend%20the%20right%20supplement.&lang=en","timestamp":"2026-08-24T12:03:46.197Z"}
{"level":"info","message":"POST /api/chat","timestamp":"2026-08-24T12:06:47.225Z"}
{"level":"info","message":"LLM requested product search for: \"pain relief\"","timestamp":"2026-08-24T12:06:47.807Z"}
{"level":"error","message":"429 {\"error\":{\"message\":\"Rate limit reached for model `openai/gpt-oss-20b` in organization `org_01m0dmjjahewys7kj9amv65vwx` service tier `on_demand` on tokens per day (TPD): Limit 200000, Used 199371, Requested 5497. Please try again in 35m2.976s. Need more tokens? Upgrade to Dev Tier today at https://console.groq.com/settings/billing\",\"type\":\"tokens\",\"code\":\"rate_limit_exceeded\"}} - /api/chat - POST - ::1","stack":"Error: 429 {\"error\":{\"message\":\"Rate limit reached for model `openai/gpt-oss-20b` in organization `org_01m0dmjjahewys7kj9amv65vwx` service tier `on_demand` on tokens per day (TPD): Limit 200000, Used 199371, Requested 5497. Please try again in 35m2.976s. Need more tokens? Upgrade to Dev Tier today at https://console.groq.com/settings/billing\",\"type\":\"tokens\",\"code\":\"rate_limit_exceeded\"}}\n    at APIError.generate (C:\\Users\\BAPS\\Downloads\\shopify brige\\shopify-ai-bridge\\node_modules\\groq-sdk\\core\\error.js:58:20)\n    at Groq.makeStatusError (C:\\Users\\BAPS\\Downloads\\shopify brige\\shopify-ai-bridge\\node_modules\\groq-sdk\\client.js:138:32)\n    at Groq.makeRequest (C:\\Users\\BAPS\\Downloads\\shopify brige\\shopify-ai-bridge\\node_modules\\groq-sdk\\client.js:280:30)\n    at process.processTicksAndRejections (node:internal/process/task_queues:104:5)\n    at async runCompletionAndStream (C:\\Users\\BAPS\\Downloads\\shopify brige\\shopify-ai-bridge\\src\\services\\llmService.js:59:20)\n    at async processChat (C:\\Users\\BAPS\\Downloads\\shopify brige\\shopify-ai-bridge\\src\\services\\llmService.js:218:14)\n    at async handleChat (C:\\Users\\BAPS\\Downloads\\shopify brige\\shopify-ai-bridge\\src\\controllers\\chatController.js:18:5)","timestamp":"2026-08-24T12:06:48.378Z"}
{"level":"info","message":"POST /api/chat","timestamp":"2026-08-24T12:08:10.677Z"}
{"level":"error","message":"429 {\"error\":{\"message\":\"Rate limit reached for model `openai/gpt-oss-20b` in organization `org_01m0dmjjahewys7kj9amv65vwx` service tier `on_demand` on tokens per day (TPD): Limit 200000, Used 199181, Requested 1051. Please try again in 1m40.224s. Need more tokens? Upgrade to Dev Tier today at https://console.groq.com/settings/billing\",\"type\":\"tokens\",\"code\":\"rate_limit_exceeded\"}} - /api/chat - POST - ::1","stack":"Error: 429 {\"error\":{\"message\":\"Rate limit reached for model `openai/gpt-oss-20b` in organization `org_01m0dmjjahewys7kj9amv65vwx` service tier `on_demand` on tokens per day (TPD): Limit 200000, Used 199181, Requested 1051. Please try again in 1m40.224s. Need more tokens? Upgrade to Dev Tier today at https://console.groq.com/settings/billing\",\"type\":\"tokens\",\"code\":\"rate_limit_exceeded\"}}\n    at APIError.generate (C:\\Users\\BAPS\\Downloads\\shopify brige\\shopify-ai-bridge\\node_modules\\groq-sdk\\core\\error.js:58:20)\n    at Groq.makeStatusError (C:\\Users\\BAPS\\Downloads\\shopify brige\\shopify-ai-bridge\\node_modules\\groq-sdk\\client.js:138:32)\n    at Groq.makeRequest (C:\\Users\\BAPS\\Downloads\\shopify brige\\shopify-ai-bridge\\node_modules\\groq-sdk\\client.js:280:30)\n    at process.processTicksAndRejections (node:internal/process/task_queues:104:5)\n    at async runCompletionAndStream (C:\\Users\\BAPS\\Downloads\\shopify brige\\shopify-ai-bridge\\src\\services\\llmService.js:59:20)\n    at async processChat (C:\\Users\\BAPS\\Downloads\\shopify brige\\shopify-ai-bridge\\src\\services\\llmService.js:131:16)\n    at async handleChat (C:\\Users\\BAPS\\Downloads\\shopify brige\\shopify-ai-bridge\\src\\controllers\\chatController.js:18:5)","timestamp":"2026-08-24T12:08:10.751Z"}
{"level":"info","message":"POST /api/chat","timestamp":"2026-08-24T12:08:18.381Z"}
{"level":"error","message":"429 {\"error\":{\"message\":\"Rate limit reached for model `openai/gpt-oss-20b` in organization `org_01m0dmjjahewys7kj9amv65vwx` service tier `on_demand` on tokens per day (TPD): Limit 200000, Used 199163, Requested 1924. Please try again in 7m49.584s. Need more tokens? Upgrade to Dev Tier today at https://console.groq.com/settings/billing\",\"type\":\"tokens\",\"code\":\"rate_limit_exceeded\"}} - /api/chat - POST - ::1","stack":"Error: 429 {\"error\":{\"message\":\"Rate limit reached for model `openai/gpt-oss-20b` in organization `org_01m0dmjjahewys7kj9amv65vwx` service tier `on_demand` on tokens per day (TPD): Limit 200000, Used 199163, Requested 1924. Please try again in 7m49.584s. Need more tokens? Upgrade to Dev Tier today at https://console.groq.com/settings/billing\",\"type\":\"tokens\",\"code\":\"rate_limit_exceeded\"}}\n    at APIError.generate (C:\\Users\\BAPS\\Downloads\\shopify brige\\shopify-ai-bridge\\node_modules\\groq-sdk\\core\\error.js:58:20)\n    at Groq.makeStatusError (C:\\Users\\BAPS\\Downloads\\shopify brige\\shopify-ai-bridge\\node_modules\\groq-sdk\\client.js:138:32)\n    at Groq.makeRequest (C:\\Users\\BAPS\\Downloads\\shopify brige\\shopify-ai-bridge\\node_modules\\groq-sdk\\client.js:280:30)\n    at process.processTicksAndRejections (node:internal/process/task_queues:104:5)\n    at async runCompletionAndStream (C:\\Users\\BAPS\\Downloads\\shopify brige\\shopify-ai-bridge\\src\\services\\llmService.js:59:20)\n    at async processChat (C:\\Users\\BAPS\\Downloads\\shopify brige\\shopify-ai-bridge\\src\\services\\llmService.js:131:16)\n    at async handleChat (C:\\Users\\BAPS\\Downloads\\shopify brige\\shopify-ai-bridge\\src\\controllers\\chatController.js:18:5)","timestamp":"2026-08-24T12:08:18.457Z"}
{"level":"info","message":"POST /api/chat","timestamp":"2026-08-24T12:08:21.618Z"}
{"level":"error","message":"429 {\"error\":{\"message\":\"Rate limit reached for model `openai/gpt-oss-20b` in organization `org_01m0dmjjahewys7kj9amv65vwx` service tier `on_demand` on tokens per day (TPD): Limit 200000, Used 199155, Requested 1163. Please try again in 2m17.376s. Need more tokens? Upgrade to Dev Tier today at https://console.groq.com/settings/billing\",\"type\":\"tokens\",\"code\":\"rate_limit_exceeded\"}} - /api/chat - POST - ::1","stack":"Error: 429 {\"error\":{\"message\":\"Rate limit reached for model `openai/gpt-oss-20b` in organization `org_01m0dmjjahewys7kj9amv65vwx` service tier `on_demand` on tokens per day (TPD): Limit 200000, Used 199155, Requested 1163. Please try again in 2m17.376s. Need more tokens? Upgrade to Dev Tier today at https://console.groq.com/settings/billing\",\"type\":\"tokens\",\"code\":\"rate_limit_exceeded\"}}\n    at APIError.generate (C:\\Users\\BAPS\\Downloads\\shopify brige\\shopify-ai-bridge\\node_modules\\groq-sdk\\core\\error.js:58:20)\n    at Groq.makeStatusError (C:\\Users\\BAPS\\Downloads\\shopify brige\\shopify-ai-bridge\\node_modules\\groq-sdk\\client.js:138:32)\n    at Groq.makeRequest (C:\\Users\\BAPS\\Downloads\\shopify brige\\shopify-ai-bridge\\node_modules\\groq-sdk\\client.js:280:30)\n    at process.processTicksAndRejections (node:internal/process/task_queues:104:5)\n    at async runCompletionAndStream (C:\\Users\\BAPS\\Downloads\\shopify brige\\shopify-ai-bridge\\src\\services\\llmService.js:59:20)\n    at async processChat (C:\\Users\\BAPS\\Downloads\\shopify brige\\shopify-ai-bridge\\src\\services\\llmService.js:131:16)\n    at async handleChat (C:\\Users\\BAPS\\Downloads\\shopify brige\\shopify-ai-bridge\\src\\controllers\\chatController.js:18:5)","timestamp":"2026-08-24T12:08:21.652Z"}
{"level":"info","message":"POST /api/chat","timestamp":"2026-08-24T12:08:22.556Z"}
{"level":"error","message":"429 {\"error\":{\"message\":\"Rate limit reached for model `openai/gpt-oss-20b` in organization `org_01m0dmjjahewys7kj9amv65vwx` service tier `on_demand` on tokens per day (TPD): Limit 200000, Used 199153, Requested 1942. Please try again in 7m53.039999999s. Need more tokens? Upgrade to Dev Tier today at https://console.groq.com/settings/billing\",\"type\":\"tokens\",\"code\":\"rate_limit_exceeded\"}} - /api/chat - POST - ::1","stack":"Error: 429 {\"error\":{\"message\":\"Rate limit reached for model `openai/gpt-oss-20b` in organization `org_01m0dmjjahewys7kj9amv65vwx` service tier `on_demand` on tokens per day (TPD): Limit 200000, Used 199153, Requested 1942. Please try again in 7m53.039999999s. Need more tokens? Upgrade to Dev Tier today at https://console.groq.com/settings/billing\",\"type\":\"tokens\",\"code\":\"rate_limit_exceeded\"}}\n    at APIError.generate (C:\\Users\\BAPS\\Downloads\\shopify brige\\shopify-ai-bridge\\node_modules\\groq-sdk\\core\\error.js:58:20)\n    at Groq.makeStatusError (C:\\Users\\BAPS\\Downloads\\shopify brige\\shopify-ai-bridge\\node_modules\\groq-sdk\\client.js:138:32)\n    at Groq.makeRequest (C:\\Users\\BAPS\\Downloads\\shopify brige\\shopify-ai-bridge\\node_modules\\groq-sdk\\client.js:280:30)\n    at process.processTicksAndRejections (node:internal/process/task_queues:104:5)\n    at async runCompletionAndStream (C:\\Users\\BAPS\\Downloads\\shopify brige\\shopify-ai-bridge\\src\\services\\llmService.js:59:20)\n    at async processChat (C:\\Users\\BAPS\\Downloads\\shopify brige\\shopify-ai-bridge\\src\\services\\llmService.js:131:16)\n    at async handleChat (C:\\Users\\BAPS\\Downloads\\shopify brige\\shopify-ai-bridge\\src\\controllers\\chatController.js:18:5)","timestamp":"2026-08-24T12:08:22.585Z"}
{"level":"info","message":"POST /api/chat","timestamp":"2026-08-24T12:08:23.246Z"}
{"level":"error","message":"429 {\"error\":{\"message\":\"Rate limit reached for model `openai/gpt-oss-20b` in organization `org_01m0dmjjahewys7kj9amv65vwx` service tier `on_demand` on tokens per day (TPD): Limit 200000, Used 199152, Requested 1951. Please try again in 7m56.496s. Need more tokens? Upgrade to Dev Tier today at https://console.groq.com/settings/billing\",\"type\":\"tokens\",\"code\":\"rate_limit_exceeded\"}} - /api/chat - POST - ::1","stack":"Error: 429 {\"error\":{\"message\":\"Rate limit reached for model `openai/gpt-oss-20b` in organization `org_01m0dmjjahewys7kj9amv65vwx` service tier `on_demand` on tokens per day (TPD): Limit 200000, Used 199152, Requested 1951. Please try again in 7m56.496s. Need more tokens? Upgrade to Dev Tier today at https://console.groq.com/settings/billing\",\"type\":\"tokens\",\"code\":\"rate_limit_exceeded\"}}\n    at APIError.generate (C:\\Users\\BAPS\\Downloads\\shopify brige\\shopify-ai-bridge\\node_modules\\groq-sdk\\core\\error.js:58:20)\n    at Groq.makeStatusError (C:\\Users\\BAPS\\Downloads\\shopify brige\\shopify-ai-bridge\\node_modules\\groq-sdk\\client.js:138:32)\n    at Groq.makeRequest (C:\\Users\\BAPS\\Downloads\\shopify brige\\shopify-ai-bridge\\node_modules\\groq-sdk\\client.js:280:30)\n    at process.processTicksAndRejections (node:internal/process/task_queues:104:5)\n    at async runCompletionAndStream (C:\\Users\\BAPS\\Downloads\\shopify brige\\shopify-ai-bridge\\src\\services\\llmService.js:59:20)\n    at async processChat (C:\\Users\\BAPS\\Downloads\\shopify brige\\shopify-ai-bridge\\src\\services\\llmService.js:131:16)\n    at async handleChat (C:\\Users\\BAPS\\Downloads\\shopify brige\\shopify-ai-bridge\\src\\controllers\\chatController.js:18:5)","timestamp":"2026-08-24T12:08:23.277Z"}
{"level":"info","message":"POST /api/chat","timestamp":"2026-08-24T12:08:23.840Z"}
{"level":"error","message":"429 {\"error\":{\"message\":\"Rate limit reached for model `openai/gpt-oss-20b` in organization `org_01m0dmjjahewys7kj9amv65vwx` service tier `on_demand` on tokens per day (TPD): Limit 200000, Used 199150, Requested 1096. Please try again in 1m46.271999999s. Need more tokens? Upgrade to Dev Tier today at https://console.groq.com/settings/billing\",\"type\":\"tokens\",\"code\":\"rate_limit_exceeded\"}} - /api/chat - POST - ::1","stack":"Error: 429 {\"error\":{\"message\":\"Rate limit reached for model `openai/gpt-oss-20b` in organization `org_01m0dmjjahewys7kj9amv65vwx` service tier `on_demand` on tokens per day (TPD): Limit 200000, Used 199150, Requested 1096. Please try again in 1m46.271999999s. Need more tokens? Upgrade to Dev Tier today at https://console.groq.com/settings/billing\",\"type\":\"tokens\",\"code\":\"rate_limit_exceeded\"}}\n    at APIError.generate (C:\\Users\\BAPS\\Downloads\\shopify brige\\shopify-ai-bridge\\node_modules\\groq-sdk\\core\\error.js:58:20)\n    at Groq.makeStatusError (C:\\Users\\BAPS\\Downloads\\shopify brige\\shopify-ai-bridge\\node_modules\\groq-sdk\\client.js:138:32)\n    at Groq.makeRequest (C:\\Users\\BAPS\\Downloads\\shopify brige\\shopify-ai-bridge\\node_modules\\groq-sdk\\client.js:280:30)\n    at process.processTicksAndRejections (node:internal/process/task_queues:104:5)\n    at async runCompletionAndStream (C:\\Users\\BAPS\\Downloads\\shopify brige\\shopify-ai-bridge\\src\\services\\llmService.js:59:20)\n    at async processChat (C:\\Users\\BAPS\\Downloads\\shopify brige\\shopify-ai-bridge\\src\\services\\llmService.js:131:16)\n    at async handleChat (C:\\Users\\BAPS\\Downloads\\shopify brige\\shopify-ai-bridge\\src\\controllers\\chatController.js:18:5)","timestamp":"2026-08-24T12:08:23.873Z"}
{"level":"info","message":"POST /api/chat","timestamp":"2026-08-24T12:08:24.429Z"}
{"level":"error","message":"429 {\"error\":{\"message\":\"Rate limit reached for model `openai/gpt-oss-20b` in organization `org_01m0dmjjahewys7kj9amv65vwx` service tier `on_demand` on tokens per day (TPD): Limit 200000, Used 199149, Requested 1969. Please try again in 8m2.976s. Need more tokens? Upgrade to Dev Tier today at https://console.groq.com/settings/billing\",\"type\":\"tokens\",\"code\":\"rate_limit_exceeded\"}} - /api/chat - POST - ::1","stack":"Error: 429 {\"error\":{\"message\":\"Rate limit reached for model `openai/gpt-oss-20b` in organization `org_01m0dmjjahewys7kj9amv65vwx` service tier `on_demand` on tokens per day (TPD): Limit 200000, Used 199149, Requested 1969. Please try again in 8m2.976s. Need more tokens? Upgrade to Dev Tier today at https://console.groq.com/settings/billing\",\"type\":\"tokens\",\"code\":\"rate_limit_exceeded\"}}\n    at APIError.generate (C:\\Users\\BAPS\\Downloads\\shopify brige\\shopify-ai-bridge\\node_modules\\groq-sdk\\core\\error.js:58:20)\n    at Groq.makeStatusError (C:\\Users\\BAPS\\Downloads\\shopify brige\\shopify-ai-bridge\\node_modules\\groq-sdk\\client.js:138:32)\n    at Groq.makeRequest (C:\\Users\\BAPS\\Downloads\\shopify brige\\shopify-ai-bridge\\node_modules\\groq-sdk\\client.js:280:30)\n    at process.processTicksAndRejections (node:internal/process/task_queues:104:5)\n    at async runCompletionAndStream (C:\\Users\\BAPS\\Downloads\\shopify brige\\shopify-ai-bridge\\src\\services\\llmService.js:59:20)\n    at async processChat (C:\\Users\\BAPS\\Downloads\\shopify brige\\shopify-ai-bridge\\src\\services\\llmService.js:131:16)\n    at async handleChat (C:\\Users\\BAPS\\Downloads\\shopify brige\\shopify-ai-bridge\\src\\controllers\\chatController.js:18:5)","timestamp":"2026-08-24T12:08:24.462Z"}
{"level":"info","message":"POST /api/chat","timestamp":"2026-08-24T12:08:25.046Z"}
{"level":"error","message":"429 {\"error\":{\"message\":\"Rate limit reached for model `openai/gpt-oss-20b` in organization `org_01m0dmjjahewys7kj9amv65vwx` service tier `on_demand` on tokens per day (TPD): Limit 200000, Used 199147, Requested 1114. Please try again in 1m52.752s. Need more tokens? Upgrade to Dev Tier today at https://console.groq.com/settings/billing\",\"type\":\"tokens\",\"code\":\"rate_limit_exceeded\"}} - /api/chat - POST - ::1","stack":"Error: 429 {\"error\":{\"message\":\"Rate limit reached for model `openai/gpt-oss-20b` in organization `org_01m0dmjjahewys7kj9amv65vwx` service tier `on_demand` on tokens per day (TPD): Limit 200000, Used 199147, Requested 1114. Please try again in 1m52.752s. Need more tokens? Upgrade to Dev Tier today at https://console.groq.com/settings/billing\",\"type\":\"tokens\",\"code\":\"rate_limit_exceeded\"}}\n    at APIError.generate (C:\\Users\\BAPS\\Downloads\\shopify brige\\shopify-ai-bridge\\node_modules\\groq-sdk\\core\\error.js:58:20)\n    at Groq.makeStatusError (C:\\Users\\BAPS\\Downloads\\shopify brige\\shopify-ai-bridge\\node_modules\\groq-sdk\\client.js:138:32)\n    at Groq.makeRequest (C:\\Users\\BAPS\\Downloads\\shopify brige\\shopify-ai-bridge\\node_modules\\groq-sdk\\client.js:280:30)\n    at process.processTicksAndRejections (node:internal/process/task_queues:104:5)\n    at async runCompletionAndStream (C:\\Users\\BAPS\\Downloads\\shopify brige\\shopify-ai-bridge\\src\\services\\llmService.js:59:20)\n    at async processChat (C:\\Users\\BAPS\\Downloads\\shopify brige\\shopify-ai-bridge\\src\\services\\llmService.js:131:16)\n    at async handleChat (C:\\Users\\BAPS\\Downloads\\shopify brige\\shopify-ai-bridge\\src\\controllers\\chatController.js:18:5)","timestamp":"2026-08-24T12:08:25.080Z"}
{"level":"info","message":"POST /api/chat","timestamp":"2026-08-24T12:08:25.655Z"}
{"level":"error","message":"429 {\"error\":{\"message\":\"Rate limit reached for model `openai/gpt-oss-20b` in organization `org_01m0dmjjahewys7kj9amv65vwx` service tier `on_demand` on tokens per day (TPD): Limit 200000, Used 199146, Requested 1987. Please try again in 8m9.456s. Need more tokens? Upgrade to Dev Tier today at https://console.groq.com/settings/billing\",\"type\":\"tokens\",\"code\":\"rate_limit_exceeded\"}} - /api/chat - POST - ::1","stack":"Error: 429 {\"error\":{\"message\":\"Rate limit reached for model `openai/gpt-oss-20b` in organization `org_01m0dmjjahewys7kj9amv65vwx` service tier `on_demand` on tokens per day (TPD): Limit 200000, Used 199146, Requested 1987. Please try again in 8m9.456s. Need more tokens? Upgrade to Dev Tier today at https://console.groq.com/settings/billing\",\"type\":\"tokens\",\"code\":\"rate_limit_exceeded\"}}\n    at APIError.generate (C:\\Users\\BAPS\\Downloads\\shopify brige\\shopify-ai-bridge\\node_modules\\groq-sdk\\core\\error.js:58:20)\n    at Groq.makeStatusError (C:\\Users\\BAPS\\Downloads\\shopify brige\\shopify-ai-bridge\\node_modules\\groq-sdk\\client.js:138:32)\n    at Groq.makeRequest (C:\\Users\\BAPS\\Downloads\\shopify brige\\shopify-ai-bridge\\node_modules\\groq-sdk\\client.js:280:30)\n    at process.processTicksAndRejections (node:internal/process/task_queues:104:5)\n    at async runCompletionAndStream (C:\\Users\\BAPS\\Downloads\\shopify brige\\shopify-ai-bridge\\src\\services\\llmService.js:59:20)\n    at async processChat (C:\\Users\\BAPS\\Downloads\\shopify brige\\shopify-ai-bridge\\src\\services\\llmService.js:131:16)\n    at async handleChat (C:\\Users\\BAPS\\Downloads\\shopify brige\\shopify-ai-bridge\\src\\controllers\\chatController.js:18:5)","timestamp":"2026-08-24T12:08:25.691Z"}
{"level":"info","message":"POST /api/chat","timestamp":"2026-08-24T12:08:26.437Z"}
{"level":"error","message":"429 {\"error\":{\"message\":\"Rate limit reached for model `openai/gpt-oss-20b` in organization `org_01m0dmjjahewys7kj9amv65vwx` service tier `on_demand` on tokens per day (TPD): Limit 200000, Used 199144, Requested 1996. Please try again in 8m12.48s. Need more tokens? Upgrade to Dev Tier today at https://console.groq.com/settings/billing\",\"type\":\"tokens\",\"code\":\"rate_limit_exceeded\"}} - /api/chat - POST - ::1","stack":"Error: 429 {\"error\":{\"message\":\"Rate limit reached for model `openai/gpt-oss-20b` in organization `org_01m0dmjjahewys7kj9amv65vwx` service tier `on_demand` on tokens per day (TPD): Limit 200000, Used 199144, Requested 1996. Please try again in 8m12.48s. Need more tokens? Upgrade to Dev Tier today at https://console.groq.com/settings/billing\",\"type\":\"tokens\",\"code\":\"rate_limit_exceeded\"}}\n    at APIError.generate (C:\\Users\\BAPS\\Downloads\\shopify brige\\shopify-ai-bridge\\node_modules\\groq-sdk\\core\\error.js:58:20)\n    at Groq.makeStatusError (C:\\Users\\BAPS\\Downloads\\shopify brige\\shopify-ai-bridge\\node_modules\\groq-sdk\\client.js:138:32)\n    at Groq.makeRequest (C:\\Users\\BAPS\\Downloads\\shopify brige\\shopify-ai-bridge\\node_modules\\groq-sdk\\client.js:280:30)\n    at process.processTicksAndRejections (node:internal/process/task_queues:104:5)\n    at async runCompletionAndStream (C:\\Users\\BAPS\\Downloads\\shopify brige\\shopify-ai-bridge\\src\\services\\llmService.js:59:20)\n    at async processChat (C:\\Users\\BAPS\\Downloads\\shopify brige\\shopify-ai-bridge\\src\\services\\llmService.js:131:16)\n    at async handleChat (C:\\Users\\BAPS\\Downloads\\shopify brige\\shopify-ai-bridge\\src\\controllers\\chatController.js:18:5)","timestamp":"2026-08-24T12:08:26.472Z"}
{"level":"info","message":"POST /api/chat","timestamp":"2026-08-24T12:08:27.080Z"}
{"level":"error","message":"429 {\"error\":{\"message\":\"Rate limit reached for model `openai/gpt-oss-20b` in organization `org_01m0dmjjahewys7kj9amv65vwx` service tier `on_demand` on tokens per day (TPD): Limit 200000, Used 199143, Requested 2005. Please try again in 8m15.936s. Need more tokens? Upgrade to Dev Tier today at https://console.groq.com/settings/billing\",\"type\":\"tokens\",\"code\":\"rate_limit_exceeded\"}} - /api/chat - POST - ::1","stack":"Error: 429 {\"error\":{\"message\":\"Rate limit reached for model `openai/gpt-oss-20b` in organization `org_01m0dmjjahewys7kj9amv65vwx` service tier `on_demand` on tokens per day (TPD): Limit 200000, Used 199143, Requested 2005. Please try again in 8m15.936s. Need more tokens? Upgrade to Dev Tier today at https://console.groq.com/settings/billing\",\"type\":\"tokens\",\"code\":\"rate_limit_exceeded\"}}\n    at APIError.generate (C:\\Users\\BAPS\\Downloads\\shopify brige\\shopify-ai-bridge\\node_modules\\groq-sdk\\core\\error.js:58:20)\n    at Groq.makeStatusError (C:\\Users\\BAPS\\Downloads\\shopify brige\\shopify-ai-bridge\\node_modules\\groq-sdk\\client.js:138:32)\n    at Groq.makeRequest (C:\\Users\\BAPS\\Downloads\\shopify brige\\shopify-ai-bridge\\node_modules\\groq-sdk\\client.js:280:30)\n    at process.processTicksAndRejections (node:internal/process/task_queues:104:5)\n    at async runCompletionAndStream (C:\\Users\\BAPS\\Downloads\\shopify brige\\shopify-ai-bridge\\src\\services\\llmService.js:59:20)\n    at async processChat (C:\\Users\\BAPS\\Downloads\\shopify brige\\shopify-ai-bridge\\src\\services\\llmService.js:131:16)\n    at async handleChat (C:\\Users\\BAPS\\Downloads\\shopify brige\\shopify-ai-bridge\\src\\controllers\\chatController.js:18:5)","timestamp":"2026-08-24T12:08:27.116Z"}
{"level":"info","message":"GET /favicon.ico","timestamp":"2026-08-24T12:08:30.404Z"}
{"level":"info","message":"GET /api/tts?text=Hello!%20I%20am%20Bodhi%20Health%20Support.%20How%20can%20I%20help%20you%20today%3F&lang=en","timestamp":"2026-08-24T12:08:31.451Z"}
{"level":"info","message":"GET /favicon.ico","timestamp":"2026-08-24T12:08:32.345Z"}
{"level":"info","message":"POST /api/chat","timestamp":"2026-08-24T12:08:49.974Z"}
{"level":"error","message":"429 {\"error\":{\"message\":\"Rate limit reached for model `openai/gpt-oss-20b` in organization `org_01m0dmjjahewys7kj9amv65vwx` service tier `on_demand` on tokens per day (TPD): Limit 200000, Used 199090, Requested 1829. Please try again in 6m37.008s. Need more tokens? Upgrade to Dev Tier today at https://console.groq.com/settings/billing\",\"type\":\"tokens\",\"code\":\"rate_limit_exceeded\"}} - /api/chat - POST - ::1","stack":"Error: 429 {\"error\":{\"message\":\"Rate limit reached for model `openai/gpt-oss-20b` in organization `org_01m0dmjjahewys7kj9amv65vwx` service tier `on_demand` on tokens per day (TPD): Limit 200000, Used 199090, Requested 1829. Please try again in 6m37.008s. Need more tokens? Upgrade to Dev Tier today at https://console.groq.com/settings/billing\",\"type\":\"tokens\",\"code\":\"rate_limit_exceeded\"}}\n    at APIError.generate (C:\\Users\\BAPS\\Downloads\\shopify brige\\shopify-ai-bridge\\node_modules\\groq-sdk\\core\\error.js:58:20)\n    at Groq.makeStatusError (C:\\Users\\BAPS\\Downloads\\shopify brige\\shopify-ai-bridge\\node_modules\\groq-sdk\\client.js:138:32)\n    at Groq.makeRequest (C:\\Users\\BAPS\\Downloads\\shopify brige\\shopify-ai-bridge\\node_modules\\groq-sdk\\client.js:280:30)\n    at process.processTicksAndRejections (node:internal/process/task_queues:104:5)\n    at async runCompletionAndStream (C:\\Users\\BAPS\\Downloads\\shopify brige\\shopify-ai-bridge\\src\\services\\llmService.js:59:20)\n    at async processChat (C:\\Users\\BAPS\\Downloads\\shopify brige\\shopify-ai-bridge\\src\\services\\llmService.js:131:16)\n    at async handleChat (C:\\Users\\BAPS\\Downloads\\shopify brige\\shopify-ai-bridge\\src\\controllers\\chatController.js:18:5)","timestamp":"2026-08-24T12:08:50.049Z"}
{"level":"info","message":"POST /api/chat","timestamp":"2026-08-24T12:09:23.237Z"}
{"level":"error","message":"429 {\"error\":{\"message\":\"Rate limit reached for model `openai/gpt-oss-20b` in organization `org_01m0dmjjahewys7kj9amv65vwx` service tier `on_demand` on tokens per day (TPD): Limit 200000, Used 199013, Requested 1838. Please try again in 6m7.632s. Need more tokens? Upgrade to Dev Tier today at https://console.groq.com/settings/billing\",\"type\":\"tokens\",\"code\":\"rate_limit_exceeded\"}} - /api/chat - POST - ::1","stack":"Error: 429 {\"error\":{\"message\":\"Rate limit reached for model `openai/gpt-oss-20b` in organization `org_01m0dmjjahewys7kj9amv65vwx` service tier `on_demand` on tokens per day (TPD): Limit 200000, Used 199013, Requested 1838. Please try again in 6m7.632s. Need more tokens? Upgrade to Dev Tier today at https://console.groq.com/settings/billing\",\"type\":\"tokens\",\"code\":\"rate_limit_exceeded\"}}\n    at APIError.generate (C:\\Users\\BAPS\\Downloads\\shopify brige\\shopify-ai-bridge\\node_modules\\groq-sdk\\core\\error.js:58:20)\n    at Groq.makeStatusError (C:\\Users\\BAPS\\Downloads\\shopify brige\\shopify-ai-bridge\\node_modules\\groq-sdk\\client.js:138:32)\n    at Groq.makeRequest (C:\\Users\\BAPS\\Downloads\\shopify brige\\shopify-ai-bridge\\node_modules\\groq-sdk\\client.js:280:30)\n    at process.processTicksAndRejections (node:internal/process/task_queues:104:5)\n    at async runCompletionAndStream (C:\\Users\\BAPS\\Downloads\\shopify brige\\shopify-ai-bridge\\src\\services\\llmService.js:59:20)\n    at async processChat (C:\\Users\\BAPS\\Downloads\\shopify brige\\shopify-ai-bridge\\src\\services\\llmService.js:131:16)\n    at async handleChat (C:\\Users\\BAPS\\Downloads\\shopify brige\\shopify-ai-bridge\\src\\controllers\\chatController.js:18:5)","timestamp":"2026-08-24T12:09:23.312Z"}
{"level":"info","message":"POST /api/chat","timestamp":"2026-08-24T12:09:26.867Z"}
{"level":"error","message":"429 {\"error\":{\"message\":\"Rate limit reached for model `openai/gpt-oss-20b` in organization `org_01m0dmjjahewys7kj9amv65vwx` service tier `on_demand` on tokens per day (TPD): Limit 200000, Used 199004, Requested 1847. Please try again in 6m7.632s. Need more tokens? Upgrade to Dev Tier today at https://console.groq.com/settings/billing\",\"type\":\"tokens\",\"code\":\"rate_limit_exceeded\"}} - /api/chat - POST - ::1","stack":"Error: 429 {\"error\":{\"message\":\"Rate limit reached for model `openai/gpt-oss-20b` in organization `org_01m0dmjjahewys7kj9amv65vwx` service tier `on_demand` on tokens per day (TPD): Limit 200000, Used 199004, Requested 1847. Please try again in 6m7.632s. Need more tokens? Upgrade to Dev Tier today at https://console.groq.com/settings/billing\",\"type\":\"tokens\",\"code\":\"rate_limit_exceeded\"}}\n    at APIError.generate (C:\\Users\\BAPS\\Downloads\\shopify brige\\shopify-ai-bridge\\node_modules\\groq-sdk\\core\\error.js:58:20)\n    at Groq.makeStatusError (C:\\Users\\BAPS\\Downloads\\shopify brige\\shopify-ai-bridge\\node_modules\\groq-sdk\\client.js:138:32)\n    at Groq.makeRequest (C:\\Users\\BAPS\\Downloads\\shopify brige\\shopify-ai-bridge\\node_modules\\groq-sdk\\client.js:280:30)\n    at process.processTicksAndRejections (node:internal/process/task_queues:104:5)\n    at async runCompletionAndStream (C:\\Users\\BAPS\\Downloads\\shopify brige\\shopify-ai-bridge\\src\\services\\llmService.js:59:20)\n    at async processChat (C:\\Users\\BAPS\\Downloads\\shopify brige\\shopify-ai-bridge\\src\\services\\llmService.js:131:16)\n    at async handleChat (C:\\Users\\BAPS\\Downloads\\shopify brige\\shopify-ai-bridge\\src\\controllers\\chatController.js:18:5)","timestamp":"2026-08-24T12:09:26.902Z"}
{"level":"info","message":"Server is running on port 3000","timestamp":"2026-08-24T12:11:14.980Z"}
{"level":"info","message":"POST /api/chat","timestamp":"2026-08-24T12:12:27.508Z"}
{"level":"error","message":"400 {\"error\":{\"message\":\"`tool calling` is not supported with this model\",\"type\":\"invalid_request_error\",\"param\":\"tool calling\"}} - /api/chat - POST - ::1","stack":"Error: 400 {\"error\":{\"message\":\"`tool calling` is not supported with this model\",\"type\":\"invalid_request_error\",\"param\":\"tool calling\"}}\n    at APIError.generate (C:\\Users\\BAPS\\Downloads\\shopify brige\\shopify-ai-bridge\\node_modules\\groq-sdk\\core\\error.js:40:20)\n    at Groq.makeStatusError (C:\\Users\\BAPS\\Downloads\\shopify brige\\shopify-ai-bridge\\node_modules\\groq-sdk\\client.js:138:32)\n    at Groq.makeRequest (C:\\Users\\BAPS\\Downloads\\shopify brige\\shopify-ai-bridge\\node_modules\\groq-sdk\\client.js:280:30)\n    at process.processTicksAndRejections (node:internal/process/task_queues:104:5)\n    at async runCompletionAndStream (C:\\Users\\BAPS\\Downloads\\shopify brige\\shopify-ai-bridge\\src\\services\\llmService.js:59:20)\n    at async processChat (C:\\Users\\BAPS\\Downloads\\shopify brige\\shopify-ai-bridge\\src\\services\\llmService.js:131:16)\n    at async handleChat (C:\\Users\\BAPS\\Downloads\\shopify brige\\shopify-ai-bridge\\src\\controllers\\chatController.js:18:5)","timestamp":"2026-08-24T12:12:27.655Z"}
{"level":"info","message":"GET /favicon.ico","timestamp":"2026-08-24T12:12:30.276Z"}
{"level":"info","message":"GET /api/tts?text=Hello!%20I%20am%20Bodhi%20Health%20Support.%20How%20can%20I%20help%20you%20today%3F&lang=en","timestamp":"2026-08-24T12:12:31.515Z"}
{"level":"info","message":"GET /favicon.ico","timestamp":"2026-08-24T12:12:32.377Z"}
{"level":"info","message":"POST /api/chat","timestamp":"2026-08-24T12:12:32.638Z"}
{"level":"error","message":"400 {\"error\":{\"message\":\"`tool calling` is not supported with this model\",\"type\":\"invalid_request_error\",\"param\":\"tool calling\"}} - /api/chat - POST - ::1","stack":"Error: 400 {\"error\":{\"message\":\"`tool calling` is not supported with this model\",\"type\":\"invalid_request_error\",\"param\":\"tool calling\"}}\n    at APIError.generate (C:\\Users\\BAPS\\Downloads\\shopify brige\\shopify-ai-bridge\\node_modules\\groq-sdk\\core\\error.js:40:20)\n    at Groq.makeStatusError (C:\\Users\\BAPS\\Downloads\\shopify brige\\shopify-ai-bridge\\node_modules\\groq-sdk\\client.js:138:32)\n    at Groq.makeRequest (C:\\Users\\BAPS\\Downloads\\shopify brige\\shopify-ai-bridge\\node_modules\\groq-sdk\\client.js:280:30)\n    at process.processTicksAndRejections (node:internal/process/task_queues:104:5)\n    at async runCompletionAndStream (C:\\Users\\BAPS\\Downloads\\shopify brige\\shopify-ai-bridge\\src\\services\\llmService.js:59:20)\n    at async processChat (C:\\Users\\BAPS\\Downloads\\shopify brige\\shopify-ai-bridge\\src\\services\\llmService.js:131:16)\n    at async handleChat (C:\\Users\\BAPS\\Downloads\\shopify brige\\shopify-ai-bridge\\src\\controllers\\chatController.js:18:5)","timestamp":"2026-08-24T12:12:32.706Z"}
{"level":"info","message":"Server is running on port 3000","timestamp":"2026-08-24T12:13:31.499Z"}
{"level":"info","message":"GET /favicon.ico","timestamp":"2026-08-24T12:13:38.160Z"}
{"level":"info","message":"GET /api/tts?text=Hello!%20I%20am%20Bodhi%20Health%20Support.%20How%20can%20I%20help%20you%20today%3F&lang=en","timestamp":"2026-08-24T12:13:40.214Z"}
{"level":"info","message":"GET /favicon.ico","timestamp":"2026-08-24T12:13:41.178Z"}
{"level":"info","message":"POST /api/chat","timestamp":"2026-08-24T12:13:41.458Z"}
{"level":"info","message":"GET /api/tts?text=Hello!&lang=en","timestamp":"2026-08-24T12:13:41.994Z"}
{"level":"info","message":"GET /api/tts?text=How%20can%20I%20assist%20you%20today%3F&lang=en","timestamp":"2026-08-24T12:13:42.490Z"}
{"level":"info","message":"POST /api/chat","timestamp":"2026-08-24T12:20:43.703Z"}
{"level":"info","message":"GET /api/tts?text=Sure%2C%20I%20can%20help%20with%20that.&lang=en","timestamp":"2026-08-24T12:20:44.331Z"}
{"level":"info","message":"GET /api/tts?text=Could%20you%20let%20me%20know%20what%20health%20goal%20or%20concern%20you%E2%80%99d%20like%20to%20address%20so%20I%20can%20suggest%20the%20right%20Bodhi%20Health%20supplement%3F&lang=en","timestamp":"2026-08-24T12:20:44.966Z"}
{"level":"info","message":"POST /api/chat","timestamp":"2026-08-24T12:21:04.159Z"}
{"level":"info","message":"LLM requested product search for: \"pain relief\"","timestamp":"2026-08-24T12:21:04.794Z"}
{"level":"info","message":"Loaded 43 products from CSV.","timestamp":"2026-08-24T12:21:04.835Z"}
{"level":"info","message":"GET /api/tts?text=For%20pain%20relief%2C%20our%20Nature%E2%80%99s%20Relief%20capsules%20combine%20turmeric%2C%20boswellia%2C%20white%20willow%2C%20and%20ginger%20to%20reduce%20joint%20and%20muscle%20inflammation.&lang=en","timestamp":"2026-08-24T12:21:06.341Z"}
{"level":"info","message":"GET /api/tts?text=Would%20you%20like%20to%20place%20an%20order%20for%20this%20product%3F&lang=en","timestamp":"2026-08-24T12:21:08.168Z"}
{"level":"info","message":"POST /api/chat","timestamp":"2026-08-24T12:21:42.417Z"}
{"level":"info","message":"LLM requested product search for: \"pain relief\"","timestamp":"2026-08-24T12:21:43.018Z"}
{"level":"info","message":"GET /api/tts?text=Our%20top%20pain%E2%80%91relief%20supplement%20is%20Nature%E2%80%99s%20Relief%2C%20which%20blends%20turmeric%2C%20boswellia%2C%20white%20willow%20and%20ginger%20to%20target%20joint%2C%20muscle%20and%20tendon%20inflammation.&lang=en","timestamp":"2026-08-24T12:21:44.757Z"}
{"level":"info","message":"GET /api/tts?text=Would%20you%20like%20to%20place%20an%20order%20for%20this%20product%3F&lang=en","timestamp":"2026-08-24T12:21:47.523Z"}
{"level":"info","message":"GET /api/tts?text=Hello!%20I%20am%20Bodhi%20Health%20Support.%20How%20can%20I%20help%20you%20today%3F&lang=en","timestamp":"2026-08-24T12:24:34.707Z"}
{"level":"info","message":"POST /api/chat","timestamp":"2026-08-24T12:24:50.079Z"}
{"level":"info","message":"GET /api/tts?text=Could%20you%20tell%20me%20what%20health%20goal%20or%20concern%20you%20have%20in%20mind%2C%20so%20I%20can%20recommend%20the%20best%20supplement%20for%20you%3F&lang=en","timestamp":"2026-08-24T12:24:52.461Z"}
{"level":"info","message":"POST /api/chat","timestamp":"2026-08-24T12:27:13.043Z"}
{"level":"info","message":"LLM requested product search for: \"sublingual\"","timestamp":"2026-08-24T12:27:13.796Z"}
{"level":"info","message":"GET /api/tts?text=For%20fast-acting%20pain%20relief%2C%20our%20Curcumin%20Sublingual%20(30%E2%80%AFPack)%20provides%20high%E2%80%91bioavailability%20anti%E2%80%91inflammatory%20support%20directly%20under%20the%20tongue.&lang=en","timestamp":"2026-08-24T12:27:18.336Z"}
{"level":"info","message":"GET /api/tts?text=Would%20you%20like%20to%20place%20an%20order%20for%20this%20product%3F&lang=en","timestamp":"2026-08-24T12:27:20.476Z"}
{"level":"error","message":"Expected property name or '}' in JSON at position 1 (line 1 column 2) - /api/chat - POST - ::1","stack":"SyntaxError: Expected property name or '}' in JSON at position 1 (line 1 column 2)\n    at JSON.parse (<anonymous>)\n    at parse (C:\\Users\\BAPS\\Downloads\\shopify brige\\shopify-ai-bridge\\node_modules\\body-parser\\lib\\types\\json.js:91:21)\n    at C:\\Users\\BAPS\\Downloads\\shopify brige\\shopify-ai-bridge\\node_modules\\body-parser\\lib\\read.js:162:18\n    at AsyncResource.runInAsyncScope (node:async_hooks:228:14)\n    at invokeCallback (C:\\Users\\BAPS\\Downloads\\shopify brige\\shopify-ai-bridge\\node_modules\\raw-body\\index.js:238:16)\n    at done (C:\\Users\\BAPS\\Downloads\\shopify brige\\shopify-ai-bridge\\node_modules\\raw-body\\index.js:227:7)\n    at IncomingMessage.onEnd (C:\\Users\\BAPS\\Downloads\\shopify brige\\shopify-ai-bridge\\node_modules\\raw-body\\index.js:287:7)\n    at IncomingMessage.emit (node:events:508:28)\n    at endReadableNT (node:internal/streams/readable:1729:12)\n    at process.processTicksAndRejections (node:internal/process/task_queues:90:21)","timestamp":"2026-08-24T12:27:38.875Z"}
{"level":"info","message":"POST /api/chat","timestamp":"2026-08-24T12:27:47.634Z"}
{"level":"info","message":"POST /api/chat","timestamp":"2026-08-24T12:27:53.297Z"}
{"level":"info","message":"GET /api/tts?text=Great!&lang=en","timestamp":"2026-08-24T12:27:54.012Z"}
{"level":"info","message":"GET /api/tts?text=Please%20provide%20your%20full%20name%2C%20email%20address%2C%20phone%20number%2C%20and%20shipping%20address%20(street%2C%20city%2C%20state%2C%20ZIP%2C%20country)%20so%20I%20can%20create%20the%20order%20for%20the%20Curcumin%20Sublingual%20(30%E2%80%AFPack).&lang=en","timestamp":"2026-08-24T12:27:54.472Z"}
{"level":"info","message":"POST /api/chat","timestamp":"2026-08-24T12:28:55.668Z"}
{"level":"info","message":"GET /api/tts?text=Could%20you%20let%20me%20know%20what%20health%20concern%20or%20goal%20you%20have%2C%20like%20energy%20boost%2C%20joint%20support%2C%20or%20immunity%2C%20so%20I%20can%20suggest%20the%20perfect%20Bodhi%20Health%20supplement%3F&lang=en","timestamp":"2026-08-24T12:28:58.084Z"}
{"level":"info","message":"GET /api/tts?text=Hello!%20I%20am%20Bodhi%20Health%20Support.%20How%20can%20I%20help%20you%20today%3F&lang=en","timestamp":"2026-08-24T12:31:01.441Z"}
{"level":"info","message":"POST /api/chat","timestamp":"2026-08-24T12:31:03.111Z"}
{"level":"info","message":"GET /api/tts?text=How%20can%20I%20assist%20you%20with%20your%20health%20and%20wellness%20needs%20today%3F&lang=en","timestamp":"2026-08-24T12:31:04.777Z"}
{"level":"info","message":"POST /api/chat","timestamp":"2026-08-24T12:31:21.271Z"}
{"level":"info","message":"GET /api/tts?text=What%20supplement%20are%20you%20looking%20for%20or%20what%20health%20goal%20would%20you%20like%20to%20address%3F&lang=en","timestamp":"2026-08-24T12:31:23.006Z"}
{"level":"info","message":"GET /api/tts?text=Hello!%20I%20am%20Bodhi%20Health%20Support.%20How%20can%20I%20help%20you%20today%3F&lang=en","timestamp":"2026-08-24T12:32:32.912Z"}
{"level":"info","message":"GET /api/tts?text=Hello!%20I%20am%20Bodhi%20Health%20Support.%20How%20can%20I%20help%20you%20today%3F&lang=en","timestamp":"2026-08-24T12:32:44.764Z"}
{"level":"info","message":"GET /api/tts?text=Hello!%20I%20am%20Bodhi%20Health%20Support.%20How%20can%20I%20help%20you%20today%3F&lang=en","timestamp":"2026-08-24T12:34:11.523Z"}
{"level":"info","message":"POST /api/chat","timestamp":"2026-08-24T12:35:17.265Z"}
{"level":"info","message":"GET /api/tts?text=Thank%20you!&lang=en","timestamp":"2026-08-24T12:35:18.019Z"}
{"level":"info","message":"GET /api/tts?text=Could%20you%20share%20your%20full%20name%2C%20email%2C%20phone%20number%2C%20and%20complete%20shipping%20address%20(street%2C%20city%2C%20state%2C%20ZIP%2C%20country)%20so%20I%20can%20finalize%20the%20order%3F&lang=en","timestamp":"2026-08-24T12:35:18.534Z"}
{"level":"info","message":"GET /api/tts?text=Hello!%20I%20am%20Bodhi%20Health%20Support.%20How%20can%20I%20help%20you%20today%3F&lang=en","timestamp":"2026-08-24T12:35:49.368Z"}
{"level":"info","message":"POST /api/chat","timestamp":"2026-08-24T12:36:28.098Z"}
{"level":"info","message":"GET /api/tts?text=How%20can%20I%20assist%20you%20with%20your%20health%20and%20wellness%20needs%20today%3F&lang=en","timestamp":"2026-08-24T12:36:30.315Z"}
{"level":"info","message":"POST /api/chat","timestamp":"2026-08-24T12:36:34.551Z"}
{"level":"info","message":"GET /api/tts?text=How%20can%20I%20help%20you%20with%20your%20health%20and%20wellness%20today%3F&lang=en","timestamp":"2026-08-24T12:36:36.875Z"}
{"level":"info","message":"POST /api/chat","timestamp":"2026-08-24T12:36:44.153Z"}
{"level":"info","message":"GET /api/tts?text=How%20can%20I%20assist%20you%20with%20your%20health%20and%20wellness%20today%3F&lang=en","timestamp":"2026-08-24T12:36:46.923Z"}
{"level":"info","message":"GET /api/tts?text=Hello!%20I%20am%20Bodhi%20Health%20Support.%20How%20can%20I%20help%20you%20today%3F&lang=en","timestamp":"2026-08-24T12:38:32.404Z"}
{"level":"info","message":"GET /api/tts?text=Hello!%20I%20am%20Bodhi%20Health%20Support.%20How%20can%20I%20help%20you%20today%3F&lang=en","timestamp":"2026-08-24T12:39:48.572Z"}
{"level":"info","message":"GET /api/tts?text=Hello!%20I%20am%20Bodhi%20Health%20Support.%20How%20can%20I%20help%20you%20today%3F&lang=en","timestamp":"2026-08-24T12:39:52.565Z"}
{"level":"info","message":"GET /api/tts?text=Hello!%20I%20am%20Bodhi%20Health%20Support.%20How%20can%20I%20help%20you%20today%3F&lang=en","timestamp":"2026-08-24T12:39:54.149Z"}
{"level":"info","message":"GET /api/tts?text=Hello!%20I%20am%20Bodhi%20Health%20Support.%20How%20can%20I%20help%20you%20today%3F&lang=en","timestamp":"2026-08-24T12:40:29.911Z"}
{"level":"info","message":"POST /api/chat","timestamp":"2026-08-24T12:40:39.220Z"}
{"level":"info","message":"GET /api/tts?text=How%20can%20I%20help%20you%20today%3F&lang=en","timestamp":"2026-08-24T12:40:41.401Z"}
{"level":"info","message":"GET /favicon.ico","timestamp":"2026-08-24T12:41:00.987Z"}
{"level":"info","message":"GET /api/tts?text=Hello!%20I%20am%20Bodhi%20Health%20Support.%20How%20can%20I%20help%20you%20today%3F&lang=en","timestamp":"2026-08-24T12:41:02.738Z"}
{"level":"info","message":"GET /favicon.ico","timestamp":"2026-08-24T12:41:04.096Z"}
{"level":"info","message":"POST /api/chat","timestamp":"2026-08-24T12:41:11.220Z"}
{"level":"info","message":"POST /api/chat","timestamp":"2026-08-24T12:41:11.939Z"}
{"level":"info","message":"GET /api/tts?text=Hello!&lang=en","timestamp":"2026-08-24T12:41:12.042Z"}
{"level":"info","message":"GET /api/tts?text=How%20can%20I%20assist%20you%20with%20your%20health%20and%20wellness%20needs%20today%3F&lang=en","timestamp":"2026-08-24T12:41:12.573Z"}
{"level":"info","message":"GET /api/tts?text=Hello!&lang=en","timestamp":"2026-08-24T12:41:13.313Z"}
{"level":"info","message":"GET /api/tts?text=How%20can%20I%20assist%20you%20today%3F&lang=en","timestamp":"2026-08-24T12:41:13.819Z"}
{"level":"info","message":"POST /api/chat","timestamp":"2026-08-24T12:41:42.065Z"}
{"level":"info","message":"GET /api/tts?text=Sure%2C%20I%20can%20help%20with%20that.&lang=en","timestamp":"2026-08-24T12:41:42.764Z"}
{"level":"info","message":"GET /api/tts?text=What%20health%20goal%20or%20concern%20are%20you%20looking%20to%20address%20with%20our%20supplement%3F&lang=en","timestamp":"2026-08-24T12:41:43.325Z"}
{"level":"info","message":"GET /api/tts?text=%5BEN%5D%20Great!&lang=en","timestamp":"2026-08-24T12:41:44.513Z"}
{"level":"info","message":"GET /api/tts?text=Let%20me%20know%20the%20specific%20issue%20or%20benefit%20you%27re%20interested%20in%2C%20and%20I%E2%80%99ll%20recommend%20the%20perfect%20Bodhi%20Health%20supplement%20for%20you.&lang=en","timestamp":"2026-08-24T12:41:44.938Z"}
{"level":"info","message":"POST /api/chat","timestamp":"2026-08-24T12:45:33.562Z"}
{"level":"info","message":"POST /api/chat","timestamp":"2026-08-24T12:45:34.084Z"}
{"level":"info","message":"GET /api/tts?text=Hello!&lang=en","timestamp":"2026-08-24T12:45:36.353Z"}
{"level":"info","message":"GET /api/tts?text=How%20can%20I%20help%20you%20today%3F&lang=en","timestamp":"2026-08-24T12:45:38.276Z"}
